"file","line","symbol","kind"
"config.js","24","disableRealtime","function"
"js\dashboard\admin-clientes-rutas.js","22","init","function"
"js\dashboard\admin-clientes-rutas.js","38","mapUI","function"
"js\dashboard\admin-clientes-rutas.js","76","bindEvents","function"
"js\dashboard\admin-clientes-rutas.js","124","setupMap","function"
"js\dashboard\admin-clientes-rutas.js","148","moveMapToHost","function"
"js\dashboard\admin-clientes-rutas.js","162","openMapModal","function"
"js\dashboard\admin-clientes-rutas.js","175","closeMapModal","function"
"js\dashboard\admin-clientes-rutas.js","181","handleMapModalClose","function"
"js\dashboard\admin-clientes-rutas.js","186","loadClientes","function"
"js\dashboard\admin-clientes-rutas.js","211","renderClientes","function"
"js\dashboard\admin-clientes-rutas.js","237","selectCliente","function"
"js\dashboard\admin-clientes-rutas.js","246","loadRutasCliente","function"
"js\dashboard\admin-clientes-rutas.js","264","renderTablaRutas","function"
"js\dashboard\admin-clientes-rutas.js","304","mostrarRutaEnMapa","function"
"js\dashboard\admin-clientes-rutas.js","320","cargarRutaEnFormulario","function"
"js\dashboard\admin-clientes-rutas.js","329","clearRuta","function"
"js\dashboard\admin-clientes-rutas.js","341","refreshPolyline","function"
"js\dashboard\admin-clientes-rutas.js","350","updateRouteActions","function"
"js\dashboard\admin-clientes-rutas.js","360","setGuardarButtonsDisabled","function"
"js\dashboard\admin-clientes-rutas.js","366","setLimpiarButtonsDisabled","function"
"js\dashboard\admin-clientes-rutas.js","372","toggleRouteActionBlocks","function"
"js\dashboard\admin-clientes-rutas.js","380","handleNuevoCliente","function"
"js\dashboard\admin-clientes-rutas.js","405","handleGuardarRuta","function"
"js\dashboard\admin-clientes-rutas.js","455","buildRutaPayload","function"
"js\dashboard\admin-clientes-rutas.js","475","confirmarEliminarRuta","function"
"js\dashboard\admin-clientes-rutas.js","482","handleConfirmAction","function"
"js\dashboard\admin-clientes-rutas.js","506","openIaModal","function"
"js\dashboard\admin-clientes-rutas.js","519","handleIaGenerate","function"
"js\dashboard\admin-clientes-rutas.js","555","applyIaRoute","function"
"js\dashboard\admin-clientes-rutas.js","576","appendIaMessage","function"
"js\dashboard\admin-clientes-rutas.js","583","renderIaHistory","function"
"js\dashboard\admin-clientes-rutas.js","600","setIaLoading","function"
"js\dashboard\admin-clientes-rutas.js","605","buildIaContext","function"
"js\dashboard\admin-clientes-rutas.js","615","requestIaRoute","function"
"js\dashboard\admin-clientes-rutas.js","656","summarizeRoute","function"
"js\dashboard\admin-clientes-rutas.js","663","formatCoord","function"
"js\dashboard\admin-clientes-rutas.js","670","formatDate","function"
"js\dashboard\admin-clientes-rutas.js","682","debounce","function"
"js\dashboard\admin-clientes-rutas.js","690","showMsg","function"
"js\dashboard\admin-custodias.js","19","init","function"
"js\dashboard\admin-custodias.js","32","mapUI","function"
"js\dashboard\admin-custodias.js","47","bindEvents","function"
"js\dashboard\admin-custodias.js","68","loadCustodias","function"
"js\dashboard\admin-custodias.js","105","renderTabla","function"
"js\dashboard\admin-custodias.js","140","buildThumb","function"
"js\dashboard\admin-custodias.js","149","buildSelfieSrc","function"
"js\dashboard\admin-custodias.js","155","abrirDetalle","function"
"js\dashboard\admin-custodias.js","173","toggleEstado","function"
"js\dashboard\admin-custodias.js","189","formatEmpresa","function"
"js\dashboard\admin-custodias.js","195","formatDate","function"
"js\dashboard\admin-custodias.js","207","toBase64","function"
"js\dashboard\admin-custodias.js","225","debounce","function"
"js\dashboard\admin-custodias.js","233","showMsg","function"
"js\dashboard\custodia-registros.js","57","init","function"
"js\dashboard\custodia-registros.js","79","mapUI","function"
"js\dashboard\custodia-registros.js","105","bindEvents","function"
"js\dashboard\custodia-registros.js","131","loadProfile","function"
"js\dashboard\custodia-registros.js","149","handleClienteSearchInput","function"
"js\dashboard\custodia-registros.js","160","handleClienteSearchKey","function"
"js\dashboard\custodia-registros.js","170","handleClienteResultClick","function"
"js\dashboard\custodia-registros.js","180","handleClienteClear","function"
"js\dashboard\custodia-registros.js","193","handleClienteSearchBlur","function"
"js\dashboard\custodia-registros.js","204","handleEscapeClose","function"
"js\dashboard\custodia-registros.js","220","setClienteResultsVisible","function"
"js\dashboard\custodia-registros.js","229","updateClienteFeedback","function"
"js\dashboard\custodia-registros.js","234","toggleAddClienteButton","function"
"js\dashboard\custodia-registros.js","245","openNewClienteModal","function"
"js\dashboard\custodia-registros.js","255","closeNewClienteModal","function"
"js\dashboard\custodia-registros.js","260","setNewClienteFeedback","function"
"js\dashboard\custodia-registros.js","266","handleNewClienteSave","function"
"js\dashboard\custodia-registros.js","295","selectCliente","function"
"js\dashboard\custodia-registros.js","307","searchClientes","function"
"js\dashboard\custodia-registros.js","364","renderClienteResults","function"
"js\dashboard\custodia-registros.js","395","maybeShowRutaCliente","function"
"js\dashboard\custodia-registros.js","420","showRouteModal","function"
"js\dashboard\custodia-registros.js","438","closeRouteModal","function"
"js\dashboard\custodia-registros.js","443","loadServicios","function"
"js\dashboard\custodia-registros.js","490","fetchUltimoPing","function"
"js\dashboard\custodia-registros.js","505","normalizeServicio","function"
"js\dashboard\custodia-registros.js","516","render","function"
"js\dashboard\custodia-registros.js","538","renderCard","function"
"js\dashboard\custodia-registros.js","606","buildInfoItem","function"
"js\dashboard\custodia-registros.js","625","formatCliente","function"
"js\dashboard\custodia-registros.js","629","buildTipoEtiquetaFromCustodias","function"
"js\dashboard\custodia-registros.js","651","formatCustodias","function"
"js\dashboard\custodia-registros.js","663","resolveTipoCustodia","function"
"js\dashboard\custodia-registros.js","683","escapeAttr","function"
"js\dashboard\custodia-registros.js","687","buildPingInfo","function"
"js\dashboard\custodia-registros.js","709","handleFollow","function"
"js\dashboard\custodia-registros.js","745","openAddModal","function"
"js\dashboard\custodia-registros.js","761","closeAddModal","function"
"js\dashboard\custodia-registros.js","767","handleAddConfirm","function"
"js\dashboard\custodia-registros.js","809","agregarCustodia","function"
"js\dashboard\custodia-registros.js","844","ensureCustodiaRecord","function"
"js\dashboard\custodia-registros.js","873","decorateAddError","function"
"js\dashboard\custodia-registros.js","889","setPlaceholder","function"
"js\dashboard\custodia-registros.js","899","showMsg","function"
"js\dashboard\custodia-registros.js","911","setButtonLoading","function"
"js\dashboard\custodia-registros.js","917","verifyOwnerOnServer","function"
"js\dashboard\custodia-registros.js","928","formatDateShort","function"
"js\dashboard\custodia-registros.js","944","formatRelative","function"
"js\dashboard\custodia-registros.js","956","redirectToLogin","function"
"js\dashboard\custodia-registros.js","961","persistCustodiaSession","function"
"js\dashboard\custodia-registros.js","1003","redirectToMapa","function"
"js\dashboard\dashboard-admin.js","28","h","arrow"
"js\dashboard\dashboard-admin.js","41","showMsg","arrow"
"js\dashboard\dashboard-admin.js","101","ensureAudioCtx","function"
"js\dashboard\dashboard-admin.js","109","unlockAudio","function"
"js\dashboard\dashboard-admin.js","112","finalize","arrow"
"js\dashboard\dashboard-admin.js","128","unlockAudioListener","arrow"
"js\dashboard\dashboard-admin.js","161","canUseRealtime","arrow"
"js\dashboard\dashboard-admin.js","176","cleanupMarkersChannel","function"
"js\dashboard\dashboard-admin.js","191","ensureMarkersChannel","function"
"js\dashboard\dashboard-admin.js","229","scheduleMarkersRefresh","function"
"js\dashboard\dashboard-admin.js","239","refreshMarkersState","function"
"js\dashboard\dashboard-admin.js","311","fetchMarkerDataset","function"
"js\dashboard\dashboard-admin.js","358","fetchCustodiosMetaByIds","function"
"js\dashboard\dashboard-admin.js","383","isDesktop","arrow"
"js\dashboard\dashboard-admin.js","385","showPanel","function"
"js\dashboard\dashboard-admin.js","419","setAlertsState","arrow"
"js\dashboard\dashboard-admin.js","437","forceEnableAlerts","arrow"
"js\dashboard\dashboard-admin.js","478","openFiltersDrawer","function"
"js\dashboard\dashboard-admin.js","490","onEnd","arrow"
"js\dashboard\dashboard-admin.js","501","closeFiltersDrawer","function"
"js\dashboard\dashboard-admin.js","512","onEnd","arrow"
"js\dashboard\dashboard-admin.js","546","clamp","function"
"js\dashboard\dashboard-admin.js","549","setSidebarWidth","function"
"js\dashboard\dashboard-admin.js","556","initSidebarWidthFromStorage","function"
"js\dashboard\dashboard-admin.js","564","ensureSidebarResizer","function"
"js\dashboard\dashboard-admin.js","582","onDown","arrow"
"js\dashboard\dashboard-admin.js","598","onMove","arrow"
"js\dashboard\dashboard-admin.js","605","onUp","arrow"
"js\dashboard\dashboard-admin.js","734","initMap","function"
"js\dashboard\dashboard-admin.js","771","ensureMap","function"
"js\dashboard\dashboard-admin.js","778","relocateFilters","function"
"js\dashboard\dashboard-admin.js","832","toggleInlineFilters","function"
"js\dashboard\dashboard-admin.js","846","fmtDT","arrow"
"js\dashboard\dashboard-admin.js","857","minDiff","arrow"
"js\dashboard\dashboard-admin.js","858","formatMinutesAgo","arrow"
"js\dashboard\dashboard-admin.js","864","normPing","function"
"js\dashboard\dashboard-admin.js","878","beep","function"
"js\dashboard\dashboard-admin.js","904","fetchRoute","function"
"js\dashboard\dashboard-admin.js","943","normalizeRouteResult","function"
"js\dashboard\dashboard-admin.js","954","loadServices","function"
"js\dashboard\dashboard-admin.js","1047","formatTitle","function"
"js\dashboard\dashboard-admin.js","1056","fetchCustodiosMap","function"
"js\dashboard\dashboard-admin.js","1104","describeCustodios","function"
"js\dashboard\dashboard-admin.js","1115","buildTipoEtiquetaFromCustodias","function"
"js\dashboard\dashboard-admin.js","1143","getTipoEtiqueta","function"
"js\dashboard\dashboard-admin.js","1149","updateServiceFlag","function"
"js\dashboard\dashboard-admin.js","1164","updateLateReportFlags","function"
"js\dashboard\dashboard-admin.js","1184","evaluateLateReportState","function"
"js\dashboard\dashboard-admin.js","1211","getCustodiaState","function"
"js\dashboard\dashboard-admin.js","1216","computeCustodiaStatusForService","function"
"js\dashboard\dashboard-admin.js","1271","applyCustodiaStatuses","function"
"js\dashboard\dashboard-admin.js","1290","startCustodiaStatusTicker","function"
"js\dashboard\dashboard-admin.js","1298","stopCustodiaStatusTicker","function"
"js\dashboard\dashboard-admin.js","1305","updateNoReportBadge","function"
"js\dashboard\dashboard-admin.js","1317","getLateReportState","function"
"js\dashboard\dashboard-admin.js","1323","formatLateReportLabel","function"
"js\dashboard\dashboard-admin.js","1330","buildLateReportButton","function"
"js\dashboard\dashboard-admin.js","1356","handleLateReportClick","function"
"js\dashboard\dashboard-admin.js","1384","setLateReportStatus","function"
"js\dashboard\dashboard-admin.js","1392","scheduleLateReportRetry","function"
"js\dashboard\dashboard-admin.js","1402","clearLateReportTimer","function"
"js\dashboard\dashboard-admin.js","1411","clearLateReport","function"
"js\dashboard\dashboard-admin.js","1416","buildLateReportPayload","function"
"js\dashboard\dashboard-admin.js","1436","renderAlertBadges","function"
"js\dashboard\dashboard-admin.js","1458","renderList","function"
"js\dashboard\dashboard-admin.js","1573","refreshList","function"
"js\dashboard\dashboard-admin.js","1579","isNoReportModalOpen","function"
"js\dashboard\dashboard-admin.js","1583","openNoReportModal","function"
"js\dashboard\dashboard-admin.js","1590","closeNoReportModal","function"
"js\dashboard\dashboard-admin.js","1596","renderNoReportList","function"
"js\dashboard\dashboard-admin.js","1632","handleAdminAlertClick","function"
"js\dashboard\dashboard-admin.js","1655","buildAdminAlertPayload","function"
"js\dashboard\dashboard-admin.js","1688","sendAdminAlert","function"
"js\dashboard\dashboard-admin.js","1700","selectService","function"
"js\dashboard\dashboard-admin.js","1730","updateMarkers","function"
"js\dashboard\dashboard-admin.js","1804","focusMarker","function"
"js\dashboard\dashboard-admin.js","1881","showDetails","function"
"js\dashboard\dashboard-admin.js","1931","finalizarServicio","function"
"js\dashboard\dashboard-admin.js","1965","initAlarmaIntegration","function"
"js\dashboard\dashboard-admin.js","1986","handleAlarmaEvent","function"
"js\dashboard\dashboard-admin.js","2080","normalizeRouteDeviationRecord","function"
"js\dashboard\dashboard-admin.js","2106","handleRouteDeviation","function"
"js\dashboard\dashboard-admin.js","2125","showRouteAlert","function"
"js\dashboard\dashboard-admin.js","2143","dismissRouteAlert","function"
"js\dashboard\dashboard-admin.js","2159","handleRouteAlertView","function"
"js\dashboard\dashboard-admin.js","2182","fetchRutaClienteFeature","function"
"js\dashboard\dashboard-admin.js","2220","drawRutaClienteFeature","function"
"js\dashboard\dashboard-admin.js","2256","ensureRutaClienteLayer","function"
"js\dashboard\dashboard-admin.js","2264","clearRutaClienteLayer","function"
"js\dashboard\dashboard-admin.js","2270","ensureServiceSelectedById","function"
"js\dashboard\dashboard-admin.js","2283","getClienteIdForServicio","function"
"js\dashboard\dashboard-admin.js","2288","formatRouteMeta","function"
"js\dashboard\dashboard-admin.js","2308","normalizeRutaFeature","function"
"js\dashboard\dashboard-admin.js","2328","formatRelativeTimestamp","function"
"js\dashboard\dashboard-admin.js","2343","dismissPanicAlert","function"
"js\dashboard\dashboard-admin.js","2352","reopenActivePanic","function"
"js\dashboard\dashboard-admin.js","2376","reopenRouteAlert","function"
"js\dashboard\dashboard-admin.js","2386","focusPanicOnMap","function"
"js\dashboard\dashboard-admin.js","2422","ensurePanicLayer","function"
"js\dashboard\dashboard-admin.js","2430","clearPanicMarker","function"
"js\dashboard\dashboard-admin.js","2436","debounce","function"
"js\dashboard\dashboard-admin.js","2450","startRealtimePolling","arrow"
"js\dashboard\dashboard-admin.js","2466","setupRealtime","function"
"js\dashboard\dashboard-admin.js","2526","extractServicioIdFromEvent","function"
"js\dashboard\dashboard-admin.js","2541","applyLateReportRemote","function"
"js\dashboard\dashboard-consulta.js","7","h","arrow"
"js\dashboard\dashboard-consulta.js","19","toBase64","arrow"
"js\dashboard\dashboard-consulta.js","35","canUseRealtime","arrow"
"js\dashboard\dashboard-consulta.js","40","showMsg","arrow"
"js\dashboard\dashboard-consulta.js","98","fmtFecha","arrow"
"js\dashboard\dashboard-consulta.js","110","groupBy","function"
"js\dashboard\dashboard-consulta.js","122","setSidebarLoading","function"
"js\dashboard\dashboard-consulta.js","127","showSidebarEmpty","function"
"js\dashboard\dashboard-consulta.js","135","clientInitial","function"
"js\dashboard\dashboard-consulta.js","139","renderSidebar","function"
"js\dashboard\dashboard-consulta.js","173","filterClientes","function"
"js\dashboard\dashboard-consulta.js","190","cargarClientes","function"
"js\dashboard\dashboard-consulta.js","235","cargarServiciosPorCliente","function"
"js\dashboard\dashboard-consulta.js","251","renderPlacasAgrupadas","function"
"js\dashboard\dashboard-consulta.js","329","renderServicioCard","function"
"js\dashboard\dashboard-consulta.js","374","buildMetaItem","function"
"js\dashboard\dashboard-consulta.js","392","buildCustodiosListado","function"
"js\dashboard\dashboard-consulta.js","407","configureFotosButton","function"
"js\dashboard\dashboard-consulta.js","439","buildSelfieItems","function"
"js\dashboard\dashboard-consulta.js","464","openSidebar","function"
"js\dashboard\dashboard-consulta.js","468","closeSidebar","function"
"js\dashboard\dashboard-consulta.js","474","syncResponsiveState","function"
"js\dashboard\dashboard-consulta.js","524","showFotosCustodia","function"
"js\dashboard\dashboard-consulta.js","602","debounce","arrow"
"js\dashboard\dashboard-consulta.js","622","startRealtimePolling","arrow"
"js\dashboard\dashboard-consulta.js","643","setupRealtime","function"
"js\dashboard\dashboard-consulta.js","678","fetchCustodiosDetalle","function"
"js\dashboard\dashboard-consulta.js","704","getSelfieSrc","function"
"js\dashboard\dashboard-custodia.js","15","init","function"
"js\dashboard\dashboard-custodia.js","36","cacheDom","function"
"js\dashboard\dashboard-custodia.js","85","createInitialState","function"
"js\dashboard\dashboard-custodia.js","110","loadProfile","function"
"js\dashboard\dashboard-custodia.js","126","primeGeoPermission","function"
"js\dashboard\dashboard-custodia.js","141","bindEvents","function"
"js\dashboard\dashboard-custodia.js","243","handleDestinoKeydown","function"
"js\dashboard\dashboard-custodia.js","266","handleDestinoInput","function"
"js\dashboard\dashboard-custodia.js","283","renderSuggestions","function"
"js\dashboard\dashboard-custodia.js","301","selectSuggestion","function"
"js\dashboard\dashboard-custodia.js","317","clearSuggestions","function"
"js\dashboard\dashboard-custodia.js","322","syncMapAria","function"
"js\dashboard\dashboard-custodia.js","333","openMapModal","function"
"js\dashboard\dashboard-custodia.js","367","closeMapModal","function"
"js\dashboard\dashboard-custodia.js","379","initMapIfNeeded","function"
"js\dashboard\dashboard-custodia.js","393","setDefault","arrow"
"js\dashboard\dashboard-custodia.js","415","setMarker","function"
"js\dashboard\dashboard-custodia.js","425","reverseGeocode","function"
"js\dashboard\dashboard-custodia.js","456","handleMapSearch","function"
"js\dashboard\dashboard-custodia.js","465","handleMapSearchInput","function"
"js\dashboard\dashboard-custodia.js","477","performMapSearch","function"
"js\dashboard\dashboard-custodia.js","492","renderMapSearchResults","function"
"js\dashboard\dashboard-custodia.js","518","clearMapSearchResults","function"
"js\dashboard\dashboard-custodia.js","525","applyMapSearchResult","function"
"js\dashboard\dashboard-custodia.js","547","handleSubmit","function"
"js\dashboard\dashboard-custodia.js","616","ensurePlacaDisponible","function"
"js\dashboard\dashboard-custodia.js","627","createServicio","function"
"js\dashboard\dashboard-custodia.js","638","createServicioCustodio","function"
"js\dashboard\dashboard-custodia.js","649","persistSession","function"
"js\dashboard\dashboard-custodia.js","667","redirectToMapa","function"
"js\dashboard\dashboard-custodia.js","674","resetForm","function"
"js\dashboard\dashboard-custodia.js","692","showMsg","function"
"js\dashboard\dashboard-custodia.js","704","setButtonLoading","function"
"js\dashboard\dashboard-custodia.js","710","setMapConfirmEnabled","function"
"js\dashboard\dashboard-custodia.js","714","updateMapSelectedAddress","function"
"js\dashboard\dashboard-custodia.js","721","updateGuardarEstado","function"
"js\dashboard\dashboard-custodia.js","736","schedulePlacaCheck","function"
"js\dashboard\dashboard-custodia.js","749","checkPlacaReciente","function"
"js\dashboard\dashboard-custodia.js","769","openPlacaModal","function"
"js\dashboard\dashboard-custodia.js","781","closePlacaModal","function"
"js\dashboard\dashboard-custodia.js","787","handleUbicacionesGuardadas","function"
"js\dashboard\dashboard-custodia.js","811","openUbicacionesModal","function"
"js\dashboard\dashboard-custodia.js","817","closeUbicacionesModal","function"
"js\dashboard\dashboard-custodia.js","823","renderUbicacionesGuardadas","function"
"js\dashboard\dashboard-custodia.js","864","applyUbicacionGuardada","function"
"js\dashboard\dashboard-custodia.js","890","fetchUbicacionesGuardadas","function"
"js\dashboard\dashboard-custodia.js","904","fetchUltimoServicioPorPlaca","function"
"js\dashboard\dashboard-custodia.js","917","estaDentroVentana12h","function"
"js\dashboard\dashboard-custodia.js","923","formatFechaCorta","function"
"js\dashboard\dashboard-custodia.js","932","redirectToLogin","function"
"js\dashboard\dashboard-custodia.js","936","normalizeCliente","function"
"js\dashboard\dashboard-custodia.js","941","bindClienteSearch","function"
"js\dashboard\dashboard-custodia.js","1004","handleClienteSearchInput","function"
"js\dashboard\dashboard-custodia.js","1026","searchClientes","function"
"js\dashboard\dashboard-custodia.js","1079","autoSelectCliente","function"
"js\dashboard\dashboard-custodia.js","1087","renderClienteResults","function"
"js\dashboard\dashboard-custodia.js","1095","hideClienteResults","function"
"js\dashboard\dashboard-custodia.js","1103","selectClienteResult","function"
"js\dashboard\dashboard-custodia.js","1135","clearClienteSelection","function"
"js\dashboard\dashboard-custodia.js","1154","updateClienteFeedback","function"
"js\dashboard\dashboard-custodia.js","1158","setClienteModalFeedback","function"
"js\dashboard\dashboard-custodia.js","1164","toggleClienteModalLoading","function"
"js\dashboard\dashboard-custodia.js","1169","hideClienteDuplicate","function"
"js\dashboard\dashboard-custodia.js","1176","showClienteDuplicate","function"
"js\dashboard\dashboard-custodia.js","1196","resetClienteModalState","function"
"js\dashboard\dashboard-custodia.js","1202","openClienteModal","function"
"js\dashboard\dashboard-custodia.js","1213","closeClienteModal","function"
"js\dashboard\dashboard-custodia.js","1220","handleClienteSave","function"
"js\dashboard\dashboard-custodia.js","1261","isDuplicateClienteError","function"
"js\dashboard\dashboard-custodia.js","1275","handleClienteDuplicado","function"
"js\dashboard\dashboard-custodia.js","1303","handleClienteDuplicateSelect","function"
"js\dashboard\dashboard-custodia.js","1319","handleClienteDuplicateDismiss","function"
"js\dashboard\dashboard-custodia.js","1329","setupClienteLiveValidation","function"
"js\dashboard\dashboard-custodia.js","1335","clearState","arrow"
"js\dashboard\dashboard-custodia.js","1341","vibrate","arrow"
"js\dashboard\dashboard-custodia.js","1377","fetchAutocomplete","function"
"js\dashboard\dashboard-custodia.js","1414","debounce","function"
"js\dashboard\dashboard-custodia.js","1422","attachPlaceholderWatcher","function"
"js\dashboard\dashboard-custodia.js","1423","handler","arrow"
"js\guard.js","30","pathForRole","function"
"js\guard.js","38","goLogin","function"
"js\guard.js","45","hasRole","function"
"js\guard.js","56","checkGuard","function"
"js\lib\app-header.js","75","setupNavigation","function"
"js\lib\app-header.js","108","resolveNavKey","function"
"js\lib\camera.js","18","ensureModal","function"
"js\lib\camera.js","60","injectStyles","function"
"js\lib\camera.js","178","startStream","function"
"js\lib\camera.js","202","stopStream","function"
"js\lib\camera.js","218","handleCaptureClick","function"
"js\lib\camera.js","244","blobToDataUrl","function"
"js\lib\camera.js","253","resolveCapture","function"
"js\lib\camera.js","259","rejectCapture","function"
"js\lib\camera.js","269","cleanupPending","function"
"js\lib\camera.js","275","closeModal","function"
"js\lib\camera.js","280","openModal","function"
"js\lib\camera.js","284","capture","function"
"js\lib\custodia-session.js","5","safeParse","function"
"js\lib\custodia-session.js","14","load","function"
"js\lib\custodia-session.js","28","save","function"
"js\lib\custodia-session.js","39","touch","function"
"js\lib\custodia-session.js","50","clear","function"
"js\lib\custodia-session.js","56","isNombreValido","function"
"js\lib\permissions.js","5","ensurePermission","function"
"js\lib\permissions.js","15","ensureNotificationPermission","function"
"js\lib\permissions.js","35","ensureCameraPermission","function"
"js\lib\permissions.js","47","ensureMicPermission","function"
"js\lib\permissions.js","59","ensureGeoPermission","function"
"js\lib\router-local.js","27","resolveInitialBase","function"
"js\lib\router-local.js","48","rememberOSRMBase","function"
"js\lib\router-local.js","55","shouldSkipLocal","function"
"js\lib\router-local.js","63","markLocalDown","function"
"js\lib\router-local.js","73","markLocalHealthy","function"
"js\lib\router-local.js","80","buildNoRoute","function"
"js\lib\router-local.js","90","normalizeOSRMLatLngs","function"
"js\lib\router-local.js","102","normalizeGraphHopper","function"
"js\lib\router-local.js","114","fetchWithTimeout","function"
"js\lib\router-local.js","127","routeOSRM","function"
"js\lib\router-local.js","166","routeGraphHopper","function"
"js\lib\router-local.js","183","route","function"
"js\lib\router-local.js","190","setProvider","function"
"js\lib\router-local.js","193","setOSRMBase","function"
"js\lib\router-local.js","197","setGraphHopperBase","function"
"js\lib\selfie-icon.js","6","noop","arrow"
"js\lib\selfie-icon.js","8","attach","function"
"js\lib\selfie-icon.js","26","setBusy","arrow"
"js\lib\selfie-icon.js","31","updateHint","arrow"
"js\lib\selfie-icon.js","39","handleClick","arrow"
"js\lib\selfie-icon.js","75","destroy","arrow"
"js\lib\selfie-icon.js","82","detach","function"
"js\lib\tracking-common.js","8","initLeafletMap","function"
"js\lib\tracking-common.js","19","buildIcons","function"
"js\lib\tracking-common.js","36","drawRouteWithPOIs","function"
"js\lib\tracking-common.js","77","routeLocal","function"
"js\lib\tracking-common.js","84","beep","function"
"js\lib\tracking-store.js","6","createServicioStore","function"
"js\lib\tracking-store.js","11","fetchLast","function"
"js\lib\tracking-store.js","27","emit","function"
"js\login\login.js","12","ensureSupabase","function"
"js\login\login.js","20","persistCustodiaProfile","function"
"js\login\login.js","30","goHome","function"
"js\login\login.js","98","normalizePin","function"
"js\login\login.js","102","setPin","function"
"js\login\login.js","110","renderDots","function"
"js\login\login.js","116","appendDigit","function"
"js\login\login.js","121","removeDigit","function"
"js\login\login.js","126","clearPin","function"
"js\login\login.js","130","scheduleCheck","function"
"js\login\login.js","140","runValidation","function"
"js\login\login.js","149","setChecking","function"
"js\login\login.js","154","isCurrent","function"
"js\login\login.js","158","shakeDots","function"
"js\login\login.js","164","markError","function"
"js\login\login.js","168","clearError","function"
"js\login\login.js","172","validatePin","function"
"js\login\login.js","189","validateCustodia","function"
"js\login\login.js","216","finalizeCustodiaLoginById","function"
"js\login\login.js","259","validateUsuario","function"
"js\login\login.js","309","shakeAndClear","function"
"js\mapa.js","11","showMsg","arrow"
"js\mapa.js","24","primeAudioForAlerts","arrow"
"js\mapa.js","48","canUseRealtime","arrow"
"js\mapa.js","97","extendSession","arrow"
"js\mapa.js","104","startSessionTouchLoop","arrow"
"js\mapa.js","140","registrarUbicacionSeguro","function"
"js\mapa.js","250","buildMarkerKey","arrow"
"js\mapa.js","331","distanciaM","function"
"js\mapa.js","345","verifyMapOwner","function"
"js\mapa.js","356","ensureGeoPermission","function"
"js\mapa.js","373","refreshCustodiosList","function"
"js\mapa.js","405","renderCustodiosList","function"
"js\mapa.js","452","openCustodiosSidebar","function"
"js\mapa.js","463","closeCustodiosSidebar","function"
"js\mapa.js","480","formatRelativeTime","function"
"js\mapa.js","492","cargarServicio","function"
"js\mapa.js","542","initMap","function"
"js\mapa.js","584","setupPanicButton","function"
"js\mapa.js","639","iniciarTracking","function"
"js\mapa.js","650","requestFreshLocation","arrow"
"js\mapa.js","688","onInterval","function"
"js\mapa.js","719","subscribeServicio","function"
"js\mapa.js","741","cleanupServicioChannel","function"
"js\mapa.js","751","cleanupChannels","function"
"js\mapa.js","760","clearRouteLayer","function"
"js\mapa.js","779","notifyRouteDown","function"
"js\mapa.js","785","buildRouteHash","function"
"js\mapa.js","792","ensureRoute","function"
"js\mapa.js","803","fetchRoute","arrow"
"js\mapa.js","858","applyRouteGeometry","function"
"js\mapa.js","886","whenCheckinApiReady","function"
"js\mapa.js","898","initCheckinMonitoring","function"
"js\mapa.js","912","handleCheckinEvent","function"
"js\mapa.js","961","matchesTargetCustodia","function"
"js\mapa.js","986","handleAdminPanic","function"
"js\mapa.js","994","startAlarmFallback","function"
"js\mapa.js","1008","stopAlarmFallback","function"
"js\mapa.js","1016","pollAlarmEvents","function"
"js\mapa.js","1059","scheduleLocalCheckin","function"
"js\mapa.js","1080","computeCheckinDelay","function"
"js\mapa.js","1087","triggerLocalCheckin","function"
"js\mapa.js","1111","buildLocalCheckinPayload","function"
"js\mapa.js","1129","clearLocalCheckinTimer","function"
"js\mapa.js","1138","cleanupCheckinMonitoring","function"
"js\mapa.js","1160","setupExtremeReportModal","function"
"js\mapa.js","1184","handleExtremeReportRecord","function"
"js\mapa.js","1207","openExtremeTextArea","function"
"js\mapa.js","1217","closeExtremeTextArea","function"
"js\mapa.js","1228","handleExtremeRemoteAck","function"
"js\mapa.js","1234","showExtremeReport","function"
"js\mapa.js","1273","hideExtremeReportUI","function"
"js\mapa.js","1283","resumeExtremeReport","function"
"js\mapa.js","1296","resetExtremeReportFlow","function"
"js\mapa.js","1317","toggleExtremeButtons","function"
"js\mapa.js","1324","applyExtremeCopy","function"
"js\mapa.js","1353","startExtremeOutputs","function"
"js\mapa.js","1369","stopExtremeOutputs","function"
"js\mapa.js","1381","startExtremeVibration","function"
"js\mapa.js","1396","stopExtremeVibration","function"
"js\mapa.js","1407","requestExtremeWakeLock","function"
"js\mapa.js","1425","releaseExtremeWakeLock","function"
"js\mapa.js","1438","triggerExtremeNotification","function"
"js\mapa.js","1488","closeExtremeNotification","function"
"js\mapa.js","1498","handleExtremeAudioAction","function"
"js\mapa.js","1522","handleExtremeSafeAction","function"
"js\mapa.js","1531","handleExtremeTextSubmit","function"
"js\mapa.js","1558","sendExtremeAck","function"
"js\mapa.js","1581","buildExtremeRecordSource","function"
"js\mapa.js","1611","handleRutaDesvioRecord","function"
"js\mapa.js","1638","openRutaAlert","function"
"js\mapa.js","1645","closeRutaAlert","function"
"js\mapa.js","1656","isRutaAlertOpen","function"
"js\mapa.js","1660","updateRutaAlertContent","function"
"js\mapa.js","1688","handleRutaAlertView","function"
"js\mapa.js","1713","fetchRutaAsignada","function"
"js\mapa.js","1748","drawRutaClienteLayer","function"
"js\mapa.js","1765","clearRutaClienteLayer","function"
"js\mapa.js","1777","normalizeRutaFeature","function"
"js\mapa.js","1798","handleServicioUpdate","function"
"js\mapa.js","1830","showFinishModal","function"
"js\mapa.js","1881","onPos","function"
"js\mapa.js","2027","showFollowControl","function"
"js\pwa.js","15","snackbar","arrow"
"js\pwa.js","16","notify","arrow"
"js\pwa.js","43","requestSkipWaiting","arrow"
"js\pwa.js","53","observeInstalling","arrow"
"js\pwa.js","59","listener","arrow"
"js\pwa.js","75","showInstallButton","function"
"js\pwa.js","98","hideInstallButton","function"
"js\registro-custodia.js","33","init","function"
"js\registro-custodia.js","47","initLoader","function"
"js\registro-custodia.js","69","injectLoaderStyles","function"
"js\registro-custodia.js","106","setLoaderVisible","function"
"js\registro-custodia.js","115","bindEmpresaSelect","function"
"js\registro-custodia.js","121","toggle","arrow"
"js\registro-custodia.js","138","setupSelfieIcon","function"
"js\registro-custodia.js","165","setupRealtimeValidation","function"
"js\registro-custodia.js","186","validateSingleField","function"
"js\registro-custodia.js","213","getFormSnapshot","function"
"js\registro-custodia.js","233","buildValidationRules","function"
"js\registro-custodia.js","269","bindFormSubmit","function"
"js\registro-custodia.js","309","bindSuccessButton","function"
"js\registro-custodia.js","317","collectFormData","function"
"js\registro-custodia.js","349","insertCustodia","function"
"js\registro-custodia.js","375","insertCustodiaLogin","function"
"js\registro-custodia.js","400","blobToHex","function"
"js\registro-custodia.js","410","markInvalid","function"
"js\registro-custodia.js","417","clearInvalid","function"
"js\registro-custodia.js","424","markValid","function"
"js\registro-custodia.js","431","setSelfieState","function"
"js\registro-custodia.js","454","setButtonLoading","function"
"js\registro-custodia.js","460","showMsg","function"
"js\registro-custodia.js","472","showSuccess","function"
"modules\alarma\alarma.js","101","isMobileDevice","function"
"modules\alarma\alarma.js","107","buildClientNotificationPayloadV2","function"
"modules\alarma\alarma.js","186","log","function"
"modules\alarma\alarma.js","192","warn","function"
"modules\alarma\alarma.js","197","error","function"
"modules\alarma\alarma.js","203","tryVibrate","function"
"modules\alarma\alarma.js","219","clip","function"
"modules\alarma\alarma.js","226","startKey","function"
"modules\alarma\alarma.js","230","panicKey","function"
"modules\alarma\alarma.js","263","normalizeEventType","function"
"modules\alarma\alarma.js","269","normalizeServicioTipo","function"
"modules\alarma\alarma.js","278","normalizeEmpresa","function"
"modules\alarma\alarma.js","283","normalizeUUID","function"
"modules\alarma\alarma.js","289","sanitizePayload","function"
"modules\alarma\alarma.js","331","validateRequired","function"
"modules\alarma\alarma.js","342","buildMetadataFromSanitized","function"
"modules\alarma\alarma.js","354","createEventRecord","function"
"modules\alarma\alarma.js","372","normalizeRecord","function"
"modules\alarma\alarma.js","401","expandEventRecord","function"
"modules\alarma\alarma.js","417","buildDbInsertPayload","function"
"modules\alarma\alarma.js","452","coerceDbServicioTipo","function"
"modules\alarma\alarma.js","477","normalizeDbServicioTipoCandidate","function"
"modules\alarma\alarma.js","489","ensureSupabase","function"
"modules\alarma\alarma.js","494","loadQueue","function"
"modules\alarma\alarma.js","507","persistQueue","function"
"modules\alarma\alarma.js","515","queueOffline","function"
"modules\alarma\alarma.js","523","flushQueue","function"
"modules\alarma\alarma.js","567","notify","function"
"modules\alarma\alarma.js","577","loadFlags","function"
"modules\alarma\alarma.js","589","persistFlags","function"
"modules\alarma\alarma.js","598","ensureSW","function"
"modules\alarma\alarma.js","611","handleSWMessage","function"
"modules\alarma\alarma.js","629","initBase","function"
"modules\alarma\alarma.js","644","initCustodia","function"
"modules\alarma\alarma.js","656","initAdmin","function"
"modules\alarma\alarma.js","666","setupEscShortcuts","function"
"modules\alarma\alarma.js","674","subscribe","function"
"modules\alarma\alarma.js","680","emit","function"
"modules\alarma\alarma.js","787","handlePostEmit","function"
"modules\alarma\alarma.js","810","triggerPush","function"
"modules\alarma\alarma.js","924","normalisePushType","function"
"modules\alarma\alarma.js","934","resolvePushAudience","function"
"modules\alarma\alarma.js","945","buildClientNotificationPayload","function"
"modules\alarma\alarma.js","995","setupRealtimeChannel","function"
"modules\alarma\alarma.js","1021","resolveIncomingType","function"
"modules\alarma\alarma.js","1030","handleIncomingEvent","function"
"modules\alarma\alarma.js","1072","highlightService","function"
"modules\alarma\alarma.js","1086","activatePanic","function"
"modules\alarma\alarma.js","1115","retryPanicAudioIfNeeded","function"
"modules\alarma\alarma.js","1129","ensureAudioCtx","function"
"modules\alarma\alarma.js","1144","attachAlertPrimer","function"
"modules\alarma\alarma.js","1151","handler","arrow"
"modules\alarma\alarma.js","1179","autoRequestAlerts","function"
"modules\alarma\alarma.js","1183","enableAlerts","function"
"modules\alarma\alarma.js","1238","ensureAudioGesture","function"
"modules\alarma\alarma.js","1245","primeAdminPermissions","function"
"modules\alarma\alarma.js","1277","wait","arrow"
"modules\alarma\alarma.js","1280","registerActiveNode","function"
"modules\alarma\alarma.js","1288","cleanupNodes","function"
"modules\alarma\alarma.js","1302","flushActiveNodes","function"
"modules\alarma\alarma.js","1315","nextSismateToken","function"
"modules\alarma\alarma.js","1320","isSismateActive","function"
"modules\alarma\alarma.js","1328","playSismateTone","function"
"modules\alarma\alarma.js","1341","createOsc","arrow"
"modules\alarma\alarma.js","1373","runSismateBlock","function"
"modules\alarma\alarma.js","1384","triggerSismateVibration","function"
"modules\alarma\alarma.js","1396","runSismateLoop","function"
"modules\alarma\alarma.js","1412","startSismateAlarm","function"
"modules\alarma\alarma.js","1446","stopSismateAlarm","function"
"modules\alarma\alarma.js","1465","sendPanicAck","function"
"modules\alarma\alarma.js","1543","buildPanicPhrase","function"
"modules\alarma\alarma.js","1548","speakPanicInterval","function"
"modules\alarma\alarma.js","1557","cancelPanicSpeech","function"
"modules\alarma\alarma.js","1563","speakSystemPhrase","function"
"modules\alarma\alarma.js","1591","playFallbackBeep","function"
"modules\alarma\alarma.js","1612","silencePanicOutputs","function"
"modules\alarma\alarma.js","1619","sirenaOn","function"
"modules\alarma\alarma.js","1624","sirenaOff","function"
"modules\alarma\alarma.js","1628","tts","function"
"modules\alarma\alarma.js","1653","ensureModal","function"
"modules\alarma\alarma.js","1700","closePanicModal","function"
"modules\alarma\alarma.js","1708","openPanicModal","function"
"modules\alarma\alarma.js","1740","formatPanicLocation","function"
"modules\alarma\alarma.js","1755","markPanicHandled","function"
"modules\alarma\alarma.js","1763","formatTime","function"
"modules\alarma\alarma.js","1777","startVoiceRecognition","function"
"modules\alarma\alarma.js","1779","stopVoiceRecognition","function"
"modules\alarma\alarma.js","1782","showToast","function"
"modules\alarma\alarma.js","1801","normalisePushRole","function"
"modules\alarma\alarma.js","1811","buildPushSubscriptionPayload","function"
"modules\alarma\alarma.js","1846","registerPush","function"
"modules\alarma\alarma.js","1947","urlBase64ToUint8Array","function"
"modules\alarma\alarma.js","1960","setLocation","function"
"modules\alarma\alarma.js","1964","reverseGeocode","function"
"modules\alarma\alarma.js","1980","ensureCheckinOverlay","function"
"modules\alarma\alarma.js","1991","ensureCheckinFeedback","function"
"modules\alarma\alarma.js","2009","hideCheckinFeedback","function"
"modules\alarma\alarma.js","2019","showCheckinFeedback","function"
"modules\alarma\alarma.js","2031","loadCheckinAudioArrayBuffer","function"
"modules\alarma\alarma.js","2049","ensureCheckinAudioBuffer","function"
"modules\alarma\alarma.js","2061","preloadCheckinAudio","function"
"modules\alarma\alarma.js","2068","startCheckinSpeechFallback","function"
"modules\alarma\alarma.js","2074","speak","arrow"
"modules\alarma\alarma.js","2090","startCheckinAudioLoop","function"
"modules\alarma\alarma.js","2129","stopCheckinAudioLoop","function"
"modules\alarma\alarma.js","2160","setCheckinStatus","function"
"modules\alarma\alarma.js","2168","clearCheckinStatus","function"
"modules\alarma\alarma.js","2172","showCheckinThanks","function"
"modules\alarma\alarma.js","2191","resetCheckinPromptUI","function"
"modules\alarma\alarma.js","2221","closeCheckinPanel","function"
"modules\alarma\alarma.js","2244","updateCheckinSoundButton","function"
"modules\alarma\alarma.js","2251","toggleCheckinSoundHint","function"
"modules\alarma\alarma.js","2258","loadCustodiaSessionSnapshot","function"
"modules\alarma\alarma.js","2266","populateCheckinPanel","function"
"modules\alarma\alarma.js","2359","openCheckinPrompt","function"
"modules\alarma\alarma.js","2394","getServicioIdFromPayload","function"
"modules\alarma\alarma.js","2404","clearCheckinReminder","function"
"modules\alarma\alarma.js","2413","scheduleCheckinReminder","function"
"modules\alarma\alarma.js","2444","ensureCheckinPanel","function"
"modules\alarma\alarma.js","2539","handleCheckinPrimaryAction","function"
"modules\alarma\alarma.js","2556","confirmCheckin","function"
"modules\alarma\alarma.js","2698","runQAProbes","function"
"netlify\functions\checkin-scheduler.js","33","minutesAgoIso","arrow"
"netlify\functions\checkin-scheduler.js","36","stringify","arrow"
"netlify\functions\checkin-scheduler.js","38","fetchAttemptMap","function"
"netlify\functions\checkin-scheduler.js","58","hasRecentMissed","function"
"netlify\functions\checkin-scheduler.js","79","recordCheckinEvent","function"
"netlify\functions\checkin-scheduler.js","98","recordMissedEvent","function"
"netlify\functions\checkin-scheduler.js","117","sendReminder","function"
"netlify\functions\checkin-scheduler.js","169","runScheduler","function"
"netlify\functions\push-broadcast.js","23","json","arrow"
"netlify\functions\push-broadcast.js","33","ensureObject","arrow"
"netlify\functions\push-broadcast.js","40","normaliseAudience","function"
"netlify\functions\push-broadcast.js","51","buildDefaultPayload","arrow"
"netlify\functions\push-broadcast.js","131","handler","function"
"netlify\functions\push-broadcast.js","289","buildAudiencesForType","function"
"netlify\functions\push-broadcast.js","307","dedupeAudiences","function"
"netlify\functions\push-broadcast.js","321","normalizeAudienceShape","function"
"netlify\functions\push-cron-checkin.js","19","json","arrow"
"netlify\functions\push-cron-checkin.js","25","handler","function"
"netlify\functions\push-cron-checkin.js","140","minutesDiff","function"
"netlify\functions\push-send.js","47","json","arrow"
"netlify\functions\push-send.js","57","softFail","arrow"
"netlify\functions\push-send.js","67","handler","function"
"netlify\functions\push-send.js","203","buildSubscriptionQuery","function"
"netlify\functions\push-send.js","255","buildPushPayload","function"
"netlify\functions\push-send.js","257","defaultTitle","arrow"
"netlify\functions\push-send.js","264","defaultBody","arrow"
"netlify\functions\push-send.js","297","buildSendOptions","function"
"netlify\functions\push-send.js","306","defaultActions","function"
"netlify\functions\push-send.js","314","toPushSubscription","function"
"netlify\functions\push-send.js","324","ensureObject","function"
"netlify\functions\ruta-ai-helper.js","23","json","arrow"
"netlify\functions\ruta-ai-helper.js","32","handler","function"
"netlify\functions\ruta-ai-helper.js","104","buildPrompt","function"
"netlify\functions\ruta-ai-helper.js","147","extractText","function"
"netlify\functions\ruta-ai-helper.js","159","parseRouteJSON","function"
"netlify\functions\ruta-ai-helper.js","175","normalizePair","function"
"netlify\functions\ruta-ai-helper.js","183","ensureModel","function"
"netlify\functions\ruta-desvio-handler.js","21","json","arrow"
"netlify\functions\ruta-desvio-handler.js","31","handler","function"
"netlify\functions\ruta-desvio-handler.js","136","fetchActiveRoute","function"
"netlify\functions\ruta-desvio-handler.js","169","fetchRecentUbicaciones","function"
"netlify\functions\ruta-desvio-handler.js","198","fetchLastDesvioEvent","function"
"netlify\functions\ruta-desvio-handler.js","216","insertDesvioEvent","function"
"netlify\functions\ruta-desvio-handler.js","254","resolveDesvioEvent","function"
"netlify\functions\ruta-desvio-handler.js","283","analyseDeviation","function"
"netlify\functions\ruta-desvio-handler.js","314","distancePointToRoute","function"
"netlify\functions\ruta-desvio-handler.js","319","toXY","arrow"
"netlify\functions\ruta-desvio-handler.js","338","distancePointToSegment","function"
"netlify\functions\ruta-desvio-handler.js","360","parseRouteCoords","function"
"netlify\functions\ruta-desvio-handler.js","383","countConsecutive","function"
"netlify\functions\ruta-desvio-handler.js","392","ensureObject","function"
"netlify\functions\ruta-desvio-handler.js","399","round","function"
"netlify\functions\ruta-desvio-handler.js","404","toPositiveInt","function"
"service-worker.js","80","isHttp","arrow"
"service-worker.js","81","isHTML","arrow"
"service-worker.js","84","sameOrigin","arrow"
"service-worker.js","89","stripLiveServerSnippet","arrow"
"service-worker.js","255","trimCache","function"
"service-worker.js","363","parsePushData","function"
"service-worker.js","390","broadcastAlarma","function"
