"archivo","linea","funcion","responsabilidad","dependencias","eventos_escucha","eventos_dispara","supabase_objetivos","supabase_operaciones","fetch_endpoints"
"config.js","24","disableRealtime","Autenticacion y sesion","Supabase Client; Supabase Query Builder","","realtime:down","from:usuario","select",""
"js\dashboard\admin-clientes-rutas.js","22","init","UI y experiencia de usuario","Supabase Client","","","","",""
"js\dashboard\admin-clientes-rutas.js","38","mapUI","Mapa, ruta y tracking","Supabase Query Builder","","","","",""
"js\dashboard\admin-clientes-rutas.js","76","bindEvents","UI y experiencia de usuario","","click; submit; close; input","","","",""
"js\dashboard\admin-clientes-rutas.js","124","setupMap","Mapa, ruta y tracking","Leaflet","","","","",""
"js\dashboard\admin-clientes-rutas.js","148","moveMapToHost","Mapa, ruta y tracking","","","","","",""
"js\dashboard\admin-clientes-rutas.js","162","openMapModal","UI y experiencia de usuario","","","","","",""
"js\dashboard\admin-clientes-rutas.js","175","closeMapModal","UI y experiencia de usuario","","","","","",""
"js\dashboard\admin-clientes-rutas.js","181","handleMapModalClose","UI y experiencia de usuario","","","","","",""
"js\dashboard\admin-clientes-rutas.js","186","loadClientes","Persistencia y consultas de datos","Supabase Client; Supabase Query Builder","","","from:cliente","order; select",""
"js\dashboard\admin-clientes-rutas.js","211","renderClientes","UI y experiencia de usuario","","click","","","",""
"js\dashboard\admin-clientes-rutas.js","237","selectCliente","UI y experiencia de usuario","","","","","",""
"js\dashboard\admin-clientes-rutas.js","246","loadRutasCliente","Persistencia y consultas de datos","Supabase Client; Supabase Query Builder","","","from:ruta_cliente","eq; order; select",""
"js\dashboard\admin-clientes-rutas.js","264","renderTablaRutas","Mapa, ruta y tracking","","click","","","",""
"js\dashboard\admin-clientes-rutas.js","304","mostrarRutaEnMapa","Mapa, ruta y tracking","","","","","",""
"js\dashboard\admin-clientes-rutas.js","320","cargarRutaEnFormulario","Mapa, ruta y tracking","","","","","",""
"js\dashboard\admin-clientes-rutas.js","329","clearRuta","UI y experiencia de usuario","","","","","",""
"js\dashboard\admin-clientes-rutas.js","341","refreshPolyline","Mapa, ruta y tracking","","","","","",""
"js\dashboard\admin-clientes-rutas.js","350","updateRouteActions","Utilidad y control de flujo","","","","","",""
"js\dashboard\admin-clientes-rutas.js","360","setGuardarButtonsDisabled","UI y experiencia de usuario","","","","","",""
"js\dashboard\admin-clientes-rutas.js","366","setLimpiarButtonsDisabled","UI y experiencia de usuario","","","","","",""
"js\dashboard\admin-clientes-rutas.js","372","toggleRouteActionBlocks","UI y experiencia de usuario","","","","","",""
"js\dashboard\admin-clientes-rutas.js","380","handleNuevoCliente","UI y experiencia de usuario","Supabase Client; Supabase Query Builder","","","from:cliente","insert; select; single",""
"js\dashboard\admin-clientes-rutas.js","405","handleGuardarRuta","Mapa, ruta y tracking","Supabase Client; Supabase Query Builder","","","from:ruta_cliente","eq; insert; select; single; update",""
"js\dashboard\admin-clientes-rutas.js","455","buildRutaPayload","Mapa, ruta y tracking","","","","","",""
"js\dashboard\admin-clientes-rutas.js","475","confirmarEliminarRuta","Mapa, ruta y tracking","","","","","",""
"js\dashboard\admin-clientes-rutas.js","482","handleConfirmAction","Mapa, ruta y tracking","Supabase Client; Supabase Query Builder","","","from:ruta_cliente","delete; eq",""
"js\dashboard\admin-clientes-rutas.js","506","openIaModal","UI y experiencia de usuario","","","","","",""
"js\dashboard\admin-clientes-rutas.js","519","handleIaGenerate","Mapa, ruta y tracking","","","","","",""
"js\dashboard\admin-clientes-rutas.js","555","applyIaRoute","Mapa, ruta y tracking","","","","","",""
"js\dashboard\admin-clientes-rutas.js","576","appendIaMessage","Autenticacion y sesion","","","","","",""
"js\dashboard\admin-clientes-rutas.js","583","renderIaHistory","Autenticacion y sesion","","","","","",""
"js\dashboard\admin-clientes-rutas.js","600","setIaLoading","UI y experiencia de usuario","","","","","",""
"js\dashboard\admin-clientes-rutas.js","605","buildIaContext","UI y experiencia de usuario","","","","","",""
"js\dashboard\admin-clientes-rutas.js","615","requestIaRoute","Mapa, ruta y tracking","Fetch API","","","","","<variable-url>"
"js\dashboard\admin-clientes-rutas.js","656","summarizeRoute","Mapa, ruta y tracking","","","","","",""
"js\dashboard\admin-clientes-rutas.js","663","formatCoord","Utilidad y control de flujo","","","","","",""
"js\dashboard\admin-clientes-rutas.js","670","formatDate","Utilidad y control de flujo","","","","","",""
"js\dashboard\admin-clientes-rutas.js","682","debounce","Utilidad y control de flujo","Timers","","","","",""
"js\dashboard\admin-clientes-rutas.js","690","showMsg","UI y experiencia de usuario","","","","","",""
"js\dashboard\admin-custodias.js","19","init","Persistencia y consultas de datos","Supabase Client","","","","",""
"js\dashboard\admin-custodias.js","32","mapUI","UI y experiencia de usuario","","","","","",""
"js\dashboard\admin-custodias.js","47","bindEvents","UI y experiencia de usuario","","change; input; click","","","",""
"js\dashboard\admin-custodias.js","68","loadCustodias","Persistencia y consultas de datos","Supabase Client; Supabase Query Builder","","","from:custodia","eq; order; select",""
"js\dashboard\admin-custodias.js","105","renderTabla","UI y experiencia de usuario","","click","","","",""
"js\dashboard\admin-custodias.js","140","buildThumb","Utilidad y control de flujo","","","","","",""
"js\dashboard\admin-custodias.js","149","buildSelfieSrc","Utilidad y control de flujo","","","","","",""
"js\dashboard\admin-custodias.js","155","abrirDetalle","Autenticacion y sesion","","","","","",""
"js\dashboard\admin-custodias.js","173","toggleEstado","Persistencia y consultas de datos","Supabase Client; Supabase Query Builder","","","from:custodia","eq; update",""
"js\dashboard\admin-custodias.js","189","formatEmpresa","Utilidad y control de flujo","","","","","",""
"js\dashboard\admin-custodias.js","195","formatDate","Utilidad y control de flujo","","","","","",""
"js\dashboard\admin-custodias.js","207","toBase64","Utilidad y control de flujo","","","","","",""
"js\dashboard\admin-custodias.js","225","debounce","Utilidad y control de flujo","Timers","","","","",""
"js\dashboard\admin-custodias.js","233","showMsg","UI y experiencia de usuario","","","","","",""
"js\dashboard\custodia-registros.js","57","init","Persistencia y consultas de datos","Supabase Client","","","","",""
"js\dashboard\custodia-registros.js","79","mapUI","Mapa, ruta y tracking","","","","","",""
"js\dashboard\custodia-registros.js","105","bindEvents","Mapa, ruta y tracking","","input; focus; keydown; click","","","",""
"js\dashboard\custodia-registros.js","131","loadProfile","Mapa, ruta y tracking","localStorage","","","","",""
"js\dashboard\custodia-registros.js","149","handleClienteSearchInput","Utilidad y control de flujo","Timers","","","","",""
"js\dashboard\custodia-registros.js","160","handleClienteSearchKey","Utilidad y control de flujo","","","","","",""
"js\dashboard\custodia-registros.js","170","handleClienteResultClick","Utilidad y control de flujo","","","","","",""
"js\dashboard\custodia-registros.js","180","handleClienteClear","UI y experiencia de usuario","","","","","",""
"js\dashboard\custodia-registros.js","193","handleClienteSearchBlur","UI y experiencia de usuario","","","","","",""
"js\dashboard\custodia-registros.js","204","handleEscapeClose","UI y experiencia de usuario","","","","","",""
"js\dashboard\custodia-registros.js","220","setClienteResultsVisible","UI y experiencia de usuario","","","","","",""
"js\dashboard\custodia-registros.js","229","updateClienteFeedback","UI y experiencia de usuario","","","","","",""
"js\dashboard\custodia-registros.js","234","toggleAddClienteButton","UI y experiencia de usuario","","","","","",""
"js\dashboard\custodia-registros.js","245","openNewClienteModal","UI y experiencia de usuario","","","","","",""
"js\dashboard\custodia-registros.js","255","closeNewClienteModal","UI y experiencia de usuario","","","","","",""
"js\dashboard\custodia-registros.js","260","setNewClienteFeedback","UI y experiencia de usuario","","","","","",""
"js\dashboard\custodia-registros.js","266","handleNewClienteSave","UI y experiencia de usuario","Supabase Client; Supabase Query Builder","","","from:cliente","insert; select; single",""
"js\dashboard\custodia-registros.js","295","selectCliente","UI y experiencia de usuario","","","","","",""
"js\dashboard\custodia-registros.js","307","searchClientes","Mapa, ruta y tracking","Supabase Client; Supabase Query Builder","","","from:servicio","eq; select",""
"js\dashboard\custodia-registros.js","364","renderClienteResults","UI y experiencia de usuario","","","","","",""
"js\dashboard\custodia-registros.js","395","maybeShowRutaCliente","Mapa, ruta y tracking","Supabase Client; Supabase Query Builder","","","from:ruta_cliente","eq; maybeSingle; order; select",""
"js\dashboard\custodia-registros.js","420","showRouteModal","Mapa, ruta y tracking","","","","","",""
"js\dashboard\custodia-registros.js","438","closeRouteModal","Mapa, ruta y tracking","","","","","",""
"js\dashboard\custodia-registros.js","443","loadServicios","Mapa, ruta y tracking","Supabase Client; Supabase Query Builder","","","from:servicio","eq; order; select",""
"js\dashboard\custodia-registros.js","490","fetchUltimoPing","Persistencia y consultas de datos","Supabase Client; Supabase Query Builder","","","from:v_servicio_ultimo_ping","eq; maybeSingle; select",""
"js\dashboard\custodia-registros.js","505","normalizeServicio","Utilidad y control de flujo","","","","","",""
"js\dashboard\custodia-registros.js","516","render","UI y experiencia de usuario","","","","","",""
"js\dashboard\custodia-registros.js","538","renderCard","Utilidad y control de flujo","","click","","","",""
"js\dashboard\custodia-registros.js","606","buildInfoItem","Autenticacion y sesion","","","","","",""
"js\dashboard\custodia-registros.js","625","formatCliente","Utilidad y control de flujo","","","","","",""
"js\dashboard\custodia-registros.js","629","buildTipoEtiquetaFromCustodias","Utilidad y control de flujo","","","","","",""
"js\dashboard\custodia-registros.js","651","formatCustodias","Utilidad y control de flujo","","","","","",""
"js\dashboard\custodia-registros.js","663","resolveTipoCustodia","Utilidad y control de flujo","","","","","",""
"js\dashboard\custodia-registros.js","683","escapeAttr","Utilidad y control de flujo","","","","","",""
"js\dashboard\custodia-registros.js","687","buildPingInfo","Utilidad y control de flujo","","","","","",""
"js\dashboard\custodia-registros.js","709","handleFollow","Autenticacion y sesion","","","","","",""
"js\dashboard\custodia-registros.js","745","openAddModal","UI y experiencia de usuario","","","","","",""
"js\dashboard\custodia-registros.js","761","closeAddModal","UI y experiencia de usuario","","","","","",""
"js\dashboard\custodia-registros.js","767","handleAddConfirm","UI y experiencia de usuario","","","","","",""
"js\dashboard\custodia-registros.js","809","agregarCustodia","Persistencia y consultas de datos","Supabase Client; Supabase Query Builder","","","from:servicio_custodio","insert; select; single",""
"js\dashboard\custodia-registros.js","844","ensureCustodiaRecord","Persistencia y consultas de datos","Supabase Client; Supabase Query Builder","","","from:custodia","eq; maybeSingle; select",""
"js\dashboard\custodia-registros.js","873","decorateAddError","Utilidad y control de flujo","","","","","",""
"js\dashboard\custodia-registros.js","889","setPlaceholder","UI y experiencia de usuario","","","","","",""
"js\dashboard\custodia-registros.js","899","showMsg","UI y experiencia de usuario","","","","","",""
"js\dashboard\custodia-registros.js","911","setButtonLoading","Utilidad y control de flujo","","","","","",""
"js\dashboard\custodia-registros.js","917","verifyOwnerOnServer","Persistencia y consultas de datos","Supabase Client; Supabase Query Builder","","","from:servicio_custodio","eq; maybeSingle; select",""
"js\dashboard\custodia-registros.js","928","formatDateShort","Utilidad y control de flujo","","","","","",""
"js\dashboard\custodia-registros.js","944","formatRelative","Utilidad y control de flujo","","","","","",""
"js\dashboard\custodia-registros.js","956","redirectToLogin","Autenticacion y sesion","","","","","",""
"js\dashboard\custodia-registros.js","961","persistCustodiaSession","Autenticacion y sesion","localStorage","","","","",""
"js\dashboard\custodia-registros.js","1003","redirectToMapa","Utilidad y control de flujo","sessionStorage; Timers","","","","",""
"js\dashboard\dashboard-admin.js","101","ensureAudioCtx","Utilidad y control de flujo","Web Audio/Speech","","","","",""
"js\dashboard\dashboard-admin.js","109","unlockAudio","Mapa, ruta y tracking","Supabase Client","pointerdown; keydown","","","",""
"js\dashboard\dashboard-admin.js","176","cleanupMarkersChannel","Utilidad y control de flujo","Supabase Client","","","","",""
"js\dashboard\dashboard-admin.js","191","ensureMarkersChannel","Mapa, ruta y tracking","Supabase Client; Supabase Query Builder","","","","",""
"js\dashboard\dashboard-admin.js","229","scheduleMarkersRefresh","Utilidad y control de flujo","Timers","","","","",""
"js\dashboard\dashboard-admin.js","239","refreshMarkersState","Mapa, ruta y tracking","Supabase Client; Supabase Query Builder","","","","",""
"js\dashboard\dashboard-admin.js","311","fetchMarkerDataset","Mapa, ruta y tracking","Supabase Client; Supabase Query Builder","","","from:v_ultimo_ping_por_custodia","eq; select",""
"js\dashboard\dashboard-admin.js","358","fetchCustodiosMetaByIds","Mapa, ruta y tracking","Supabase Client; Supabase Query Builder","beforeunload","","from:servicio_custodio","in; select",""
"js\dashboard\dashboard-admin.js","385","showPanel","Alarmas y check-in","Timers; window.Alarma","visibilitychange; click","","","",""
"js\dashboard\dashboard-admin.js","478","openFiltersDrawer","Mapa, ruta y tracking","Timers","transitionend","","","",""
"js\dashboard\dashboard-admin.js","501","closeFiltersDrawer","Mapa, ruta y tracking","Timers","transitionend; resize","","","",""
"js\dashboard\dashboard-admin.js","546","clamp","Utilidad y control de flujo","","","","","",""
"js\dashboard\dashboard-admin.js","549","setSidebarWidth","UI y experiencia de usuario","localStorage","","","","",""
"js\dashboard\dashboard-admin.js","556","initSidebarWidthFromStorage","UI y experiencia de usuario","localStorage","","","","",""
"js\dashboard\dashboard-admin.js","564","ensureSidebarResizer","Autenticacion y sesion","localStorage; window.Alarma","mousemove; touchmove; mouseup; touchend; click","","","",""
"js\dashboard\dashboard-admin.js","734","initMap","Mapa, ruta y tracking","Leaflet","","","","",""
"js\dashboard\dashboard-admin.js","771","ensureMap","Mapa, ruta y tracking","","","","","",""
"js\dashboard\dashboard-admin.js","778","relocateFilters","Mapa, ruta y tracking","","click; keydown","","","",""
"js\dashboard\dashboard-admin.js","832","toggleInlineFilters","Alarmas y check-in","","","","","",""
"js\dashboard\dashboard-admin.js","864","normPing","Utilidad y control de flujo","","","","","",""
"js\dashboard\dashboard-admin.js","878","beep","Mapa, ruta y tracking","Timers","","","","",""
"js\dashboard\dashboard-admin.js","904","fetchRoute","Mapa, ruta y tracking","routerLocal OSRM","","","","",""
"js\dashboard\dashboard-admin.js","943","normalizeRouteResult","Mapa, ruta y tracking","","","","","",""
"js\dashboard\dashboard-admin.js","954","loadServices","Mapa, ruta y tracking","Supabase Client; Supabase Query Builder","","","from:servicio; from:ubicacion","eq; maybeSingle; order; select",""
"js\dashboard\dashboard-admin.js","1047","formatTitle","Utilidad y control de flujo","","","","","",""
"js\dashboard\dashboard-admin.js","1056","fetchCustodiosMap","Mapa, ruta y tracking","Supabase Client; Supabase Query Builder","","","from:servicio_custodio; from:v_ultimo_ping_por_custodia","in; select",""
"js\dashboard\dashboard-admin.js","1104","describeCustodios","Mapa, ruta y tracking","","","","","",""
"js\dashboard\dashboard-admin.js","1115","buildTipoEtiquetaFromCustodias","Utilidad y control de flujo","","","","","",""
"js\dashboard\dashboard-admin.js","1143","getTipoEtiqueta","Utilidad y control de flujo","","","","","",""
"js\dashboard\dashboard-admin.js","1149","updateServiceFlag","Alarmas y check-in","","","","","delete",""
"js\dashboard\dashboard-admin.js","1164","updateLateReportFlags","Utilidad y control de flujo","","","","","",""
"js\dashboard\dashboard-admin.js","1184","evaluateLateReportState","Alarmas y check-in","","","","","",""
"js\dashboard\dashboard-admin.js","1211","getCustodiaState","Utilidad y control de flujo","","","","","",""
"js\dashboard\dashboard-admin.js","1216","computeCustodiaStatusForService","Utilidad y control de flujo","","","","","",""
"js\dashboard\dashboard-admin.js","1271","applyCustodiaStatuses","Utilidad y control de flujo","","","","","",""
"js\dashboard\dashboard-admin.js","1290","startCustodiaStatusTicker","Utilidad y control de flujo","Timers","","","","",""
"js\dashboard\dashboard-admin.js","1298","stopCustodiaStatusTicker","Utilidad y control de flujo","","","","","",""
"js\dashboard\dashboard-admin.js","1305","updateNoReportBadge","Utilidad y control de flujo","","","","","",""
"js\dashboard\dashboard-admin.js","1317","getLateReportState","Utilidad y control de flujo","","","","","",""
"js\dashboard\dashboard-admin.js","1323","formatLateReportLabel","Utilidad y control de flujo","","","","","",""
"js\dashboard\dashboard-admin.js","1330","buildLateReportButton","Alarmas y check-in","","","","","",""
"js\dashboard\dashboard-admin.js","1356","handleLateReportClick","Alarmas y check-in","window.Alarma","","","","",""
"js\dashboard\dashboard-admin.js","1384","setLateReportStatus","Utilidad y control de flujo","","","","","",""
"js\dashboard\dashboard-admin.js","1392","scheduleLateReportRetry","Persistencia y consultas de datos","Timers","","","","delete",""
"js\dashboard\dashboard-admin.js","1402","clearLateReportTimer","Persistencia y consultas de datos","","","","","delete",""
"js\dashboard\dashboard-admin.js","1411","clearLateReport","Utilidad y control de flujo","","","","","",""
"js\dashboard\dashboard-admin.js","1416","buildLateReportPayload","Utilidad y control de flujo","","","","","",""
"js\dashboard\dashboard-admin.js","1436","renderAlertBadges","Autenticacion y sesion","","","","","",""
"js\dashboard\dashboard-admin.js","1458","renderList","Alarmas y check-in","","click","","","delete",""
"js\dashboard\dashboard-admin.js","1573","refreshList","Utilidad y control de flujo","","","","","",""
"js\dashboard\dashboard-admin.js","1579","isNoReportModalOpen","UI y experiencia de usuario","","","","","",""
"js\dashboard\dashboard-admin.js","1583","openNoReportModal","UI y experiencia de usuario","","","","","",""
"js\dashboard\dashboard-admin.js","1590","closeNoReportModal","UI y experiencia de usuario","","","","","",""
"js\dashboard\dashboard-admin.js","1596","renderNoReportList","Alarmas y check-in","","","","","",""
"js\dashboard\dashboard-admin.js","1632","handleAdminAlertClick","Alarmas y check-in","","","","","",""
"js\dashboard\dashboard-admin.js","1655","buildAdminAlertPayload","Alarmas y check-in","","","","","",""
"js\dashboard\dashboard-admin.js","1688","sendAdminAlert","Alarmas y check-in","window.Alarma","","","","",""
"js\dashboard\dashboard-admin.js","1700","selectService","Mapa, ruta y tracking","","","","","",""
"js\dashboard\dashboard-admin.js","1730","updateMarkers","Mapa, ruta y tracking","Leaflet; Supabase Query Builder","","","","delete",""
"js\dashboard\dashboard-admin.js","1804","focusMarker","Mapa, ruta y tracking","Leaflet","","","","",""
"js\dashboard\dashboard-admin.js","1881","showDetails","Utilidad y control de flujo","","click","","","",""
"js\dashboard\dashboard-admin.js","1931","finalizarServicio","Alarmas y check-in","Supabase Client; Supabase Query Builder","","","from:servicio","eq; update",""
"js\dashboard\dashboard-admin.js","1965","initAlarmaIntegration","Alarmas y check-in","Timers; window.Alarma","","","","",""
"js\dashboard\dashboard-admin.js","1986","handleAlarmaEvent","Alarmas y check-in","window.Alarma","","","","",""
"js\dashboard\dashboard-admin.js","2080","normalizeRouteDeviationRecord","Utilidad y control de flujo","","","","","",""
"js\dashboard\dashboard-admin.js","2106","handleRouteDeviation","Mapa, ruta y tracking","","","","","",""
"js\dashboard\dashboard-admin.js","2125","showRouteAlert","Mapa, ruta y tracking","","","","","",""
"js\dashboard\dashboard-admin.js","2143","dismissRouteAlert","Utilidad y control de flujo","","","","","",""
"js\dashboard\dashboard-admin.js","2159","handleRouteAlertView","Mapa, ruta y tracking","","","","","",""
"js\dashboard\dashboard-admin.js","2182","fetchRutaClienteFeature","Mapa, ruta y tracking","Supabase Client; Supabase Query Builder","","","from:ruta_cliente","eq; maybeSingle; order; select",""
"js\dashboard\dashboard-admin.js","2220","drawRutaClienteFeature","Mapa, ruta y tracking","Leaflet","","","","",""
"js\dashboard\dashboard-admin.js","2256","ensureRutaClienteLayer","Mapa, ruta y tracking","Leaflet","","","","",""
"js\dashboard\dashboard-admin.js","2264","clearRutaClienteLayer","Utilidad y control de flujo","","","","","",""
"js\dashboard\dashboard-admin.js","2270","ensureServiceSelectedById","Utilidad y control de flujo","","","","","",""
"js\dashboard\dashboard-admin.js","2283","getClienteIdForServicio","Utilidad y control de flujo","","","","","",""
"js\dashboard\dashboard-admin.js","2288","formatRouteMeta","Mapa, ruta y tracking","","","","","",""
"js\dashboard\dashboard-admin.js","2308","normalizeRutaFeature","Mapa, ruta y tracking","","","","","",""
"js\dashboard\dashboard-admin.js","2328","formatRelativeTimestamp","Mapa, ruta y tracking","","","","","",""
"js\dashboard\dashboard-admin.js","2343","dismissPanicAlert","Alarmas y check-in","window.Alarma","","","","",""
"js\dashboard\dashboard-admin.js","2352","reopenActivePanic","Alarmas y check-in","window.Alarma","","","","",""
"js\dashboard\dashboard-admin.js","2376","reopenRouteAlert","Utilidad y control de flujo","","","","","",""
"js\dashboard\dashboard-admin.js","2386","focusPanicOnMap","Alarmas y check-in","Leaflet","","","","",""
"js\dashboard\dashboard-admin.js","2422","ensurePanicLayer","Mapa, ruta y tracking","Leaflet","","","","",""
"js\dashboard\dashboard-admin.js","2430","clearPanicMarker","Mapa, ruta y tracking","","","","","",""
"js\dashboard\dashboard-admin.js","2436","debounce","Utilidad y control de flujo","Timers","","","","",""
"js\dashboard\dashboard-admin.js","2466","setupRealtime","Alarmas y check-in","Supabase Client; Supabase Query Builder","realtime:down; beforeunload","","channel:rt-servicio-admin; channel:rt-ubicacion-admin","",""
"js\dashboard\dashboard-admin.js","2526","extractServicioIdFromEvent","Utilidad y control de flujo","","","","","",""
"js\dashboard\dashboard-admin.js","2541","applyLateReportRemote","Utilidad y control de flujo","","","","","",""
"js\dashboard\dashboard-consulta.js","110","groupBy","Utilidad y control de flujo","","","","","",""
"js\dashboard\dashboard-consulta.js","122","setSidebarLoading","Utilidad y control de flujo","","","","","",""
"js\dashboard\dashboard-consulta.js","127","showSidebarEmpty","UI y experiencia de usuario","","","","","",""
"js\dashboard\dashboard-consulta.js","135","clientInitial","Utilidad y control de flujo","","","","","",""
"js\dashboard\dashboard-consulta.js","139","renderSidebar","Utilidad y control de flujo","","click","","","",""
"js\dashboard\dashboard-consulta.js","173","filterClientes","Utilidad y control de flujo","","","","","",""
"js\dashboard\dashboard-consulta.js","190","cargarClientes","Mapa, ruta y tracking","Supabase Client; Supabase Query Builder","","","from:servicio","select",""
"js\dashboard\dashboard-consulta.js","235","cargarServiciosPorCliente","Persistencia y consultas de datos","Supabase Client; Supabase Query Builder","","","from:servicio","eq; order; select",""
"js\dashboard\dashboard-consulta.js","251","renderPlacasAgrupadas","UI y experiencia de usuario","","click","","","",""
"js\dashboard\dashboard-consulta.js","329","renderServicioCard","Utilidad y control de flujo","","","","","",""
"js\dashboard\dashboard-consulta.js","374","buildMetaItem","Utilidad y control de flujo","","","","","",""
"js\dashboard\dashboard-consulta.js","392","buildCustodiosListado","Utilidad y control de flujo","","","","","",""
"js\dashboard\dashboard-consulta.js","407","configureFotosButton","Utilidad y control de flujo","","click","","","",""
"js\dashboard\dashboard-consulta.js","439","buildSelfieItems","Mapa, ruta y tracking","Supabase Query Builder","","","","",""
"js\dashboard\dashboard-consulta.js","464","openSidebar","UI y experiencia de usuario","","","","","",""
"js\dashboard\dashboard-consulta.js","468","closeSidebar","UI y experiencia de usuario","","","","","",""
"js\dashboard\dashboard-consulta.js","474","syncResponsiveState","UI y experiencia de usuario","","resize; click; input; change","","","",""
"js\dashboard\dashboard-consulta.js","524","showFotosCustodia","Autenticacion y sesion","Timers","click; keydown","","","",""
"js\dashboard\dashboard-consulta.js","643","setupRealtime","Utilidad y control de flujo","Supabase Client","beforeunload; realtime:down","","","",""
"js\dashboard\dashboard-consulta.js","678","fetchCustodiosDetalle","Persistencia y consultas de datos","Supabase Client; Supabase Query Builder","","","from:servicio_custodio","eq; order; select",""
"js\dashboard\dashboard-consulta.js","704","getSelfieSrc","Utilidad y control de flujo","","","","","",""
"js\dashboard\dashboard-custodia.js","15","init","UI y experiencia de usuario","Supabase Client","","","","",""
"js\dashboard\dashboard-custodia.js","36","cacheDom","Mapa, ruta y tracking","","","","","",""
"js\dashboard\dashboard-custodia.js","85","createInitialState","Mapa, ruta y tracking","","","","","",""
"js\dashboard\dashboard-custodia.js","110","loadProfile","Utilidad y control de flujo","localStorage","","","","",""
"js\dashboard\dashboard-custodia.js","126","primeGeoPermission","Mapa, ruta y tracking","","","","","",""
"js\dashboard\dashboard-custodia.js","141","bindEvents","Mapa, ruta y tracking","","submit; click; change; input; focus; keydown; resize","","","",""
"js\dashboard\dashboard-custodia.js","243","handleDestinoKeydown","Persistencia y consultas de datos","Supabase Query Builder","","","","",""
"js\dashboard\dashboard-custodia.js","266","handleDestinoInput","Persistencia y consultas de datos","","","","","",""
"js\dashboard\dashboard-custodia.js","283","renderSuggestions","Utilidad y control de flujo","","click","","","",""
"js\dashboard\dashboard-custodia.js","301","selectSuggestion","Utilidad y control de flujo","","","","","",""
"js\dashboard\dashboard-custodia.js","317","clearSuggestions","Utilidad y control de flujo","","","","","",""
"js\dashboard\dashboard-custodia.js","322","syncMapAria","UI y experiencia de usuario","","","","","",""
"js\dashboard\dashboard-custodia.js","333","openMapModal","Mapa, ruta y tracking","Timers","","","","",""
"js\dashboard\dashboard-custodia.js","367","closeMapModal","Mapa, ruta y tracking","","","","","",""
"js\dashboard\dashboard-custodia.js","379","initMapIfNeeded","Mapa, ruta y tracking","Leaflet; navigator.geolocation; Timers","","","","",""
"js\dashboard\dashboard-custodia.js","415","setMarker","Mapa, ruta y tracking","Leaflet","","","","",""
"js\dashboard\dashboard-custodia.js","425","reverseGeocode","Persistencia y consultas de datos","Fetch API","","","","","<template-string>"
"js\dashboard\dashboard-custodia.js","456","handleMapSearch","Persistencia y consultas de datos","","","","","",""
"js\dashboard\dashboard-custodia.js","465","handleMapSearchInput","Utilidad y control de flujo","Timers","","","","",""
"js\dashboard\dashboard-custodia.js","477","performMapSearch","Mapa, ruta y tracking","","","","","",""
"js\dashboard\dashboard-custodia.js","492","renderMapSearchResults","Utilidad y control de flujo","","","","","",""
"js\dashboard\dashboard-custodia.js","518","clearMapSearchResults","Utilidad y control de flujo","","","","","",""
"js\dashboard\dashboard-custodia.js","525","applyMapSearchResult","Mapa, ruta y tracking","","","","","",""
"js\dashboard\dashboard-custodia.js","547","handleSubmit","Utilidad y control de flujo","","","","","",""
"js\dashboard\dashboard-custodia.js","616","ensurePlacaDisponible","Utilidad y control de flujo","","","","","",""
"js\dashboard\dashboard-custodia.js","627","createServicio","Persistencia y consultas de datos","Supabase Client; Supabase Query Builder","","","from:servicio","insert; select; single",""
"js\dashboard\dashboard-custodia.js","638","createServicioCustodio","Persistencia y consultas de datos","Supabase Client; Supabase Query Builder","","","from:servicio_custodio","insert; select; single",""
"js\dashboard\dashboard-custodia.js","649","persistSession","Autenticacion y sesion","localStorage","","","","",""
"js\dashboard\dashboard-custodia.js","667","redirectToMapa","Utilidad y control de flujo","sessionStorage","","","","",""
"js\dashboard\dashboard-custodia.js","674","resetForm","Utilidad y control de flujo","","","","","",""
"js\dashboard\dashboard-custodia.js","692","showMsg","Utilidad y control de flujo","","","","","",""
"js\dashboard\dashboard-custodia.js","704","setButtonLoading","Utilidad y control de flujo","","","","","",""
"js\dashboard\dashboard-custodia.js","710","setMapConfirmEnabled","Utilidad y control de flujo","","","","","",""
"js\dashboard\dashboard-custodia.js","714","updateMapSelectedAddress","Utilidad y control de flujo","","","","","",""
"js\dashboard\dashboard-custodia.js","721","updateGuardarEstado","Utilidad y control de flujo","","","","","",""
"js\dashboard\dashboard-custodia.js","736","schedulePlacaCheck","Utilidad y control de flujo","Timers","","","","",""
"js\dashboard\dashboard-custodia.js","749","checkPlacaReciente","Utilidad y control de flujo","","","","","",""
"js\dashboard\dashboard-custodia.js","769","openPlacaModal","UI y experiencia de usuario","","","","","",""
"js\dashboard\dashboard-custodia.js","781","closePlacaModal","UI y experiencia de usuario","","","","","",""
"js\dashboard\dashboard-custodia.js","787","handleUbicacionesGuardadas","Utilidad y control de flujo","","","","","",""
"js\dashboard\dashboard-custodia.js","811","openUbicacionesModal","UI y experiencia de usuario","","","","","",""
"js\dashboard\dashboard-custodia.js","817","closeUbicacionesModal","UI y experiencia de usuario","","","","","",""
"js\dashboard\dashboard-custodia.js","823","renderUbicacionesGuardadas","Utilidad y control de flujo","","","","","",""
"js\dashboard\dashboard-custodia.js","864","applyUbicacionGuardada","Utilidad y control de flujo","","","","","",""
"js\dashboard\dashboard-custodia.js","890","fetchUbicacionesGuardadas","Persistencia y consultas de datos","Supabase Client; Supabase Query Builder","","","from:servicio","eq; order; select",""
"js\dashboard\dashboard-custodia.js","904","fetchUltimoServicioPorPlaca","Persistencia y consultas de datos","Supabase Client; Supabase Query Builder","","","from:servicio","eq; order; select",""
"js\dashboard\dashboard-custodia.js","917","estaDentroVentana12h","Utilidad y control de flujo","","","","","",""
"js\dashboard\dashboard-custodia.js","923","formatFechaCorta","Utilidad y control de flujo","","","","","",""
"js\dashboard\dashboard-custodia.js","932","redirectToLogin","Autenticacion y sesion","","","","","",""
"js\dashboard\dashboard-custodia.js","936","normalizeCliente","Utilidad y control de flujo","","","","","",""
"js\dashboard\dashboard-custodia.js","941","bindClienteSearch","Utilidad y control de flujo","","input; focus; keydown; click","","","",""
"js\dashboard\dashboard-custodia.js","1004","handleClienteSearchInput","Utilidad y control de flujo","Timers","","","","",""
"js\dashboard\dashboard-custodia.js","1026","searchClientes","Persistencia y consultas de datos","Supabase Client; Supabase Query Builder","","","from:cliente","order; select",""
"js\dashboard\dashboard-custodia.js","1079","autoSelectCliente","Utilidad y control de flujo","","","","","",""
"js\dashboard\dashboard-custodia.js","1087","renderClienteResults","Utilidad y control de flujo","","","","","",""
"js\dashboard\dashboard-custodia.js","1095","hideClienteResults","Utilidad y control de flujo","","","","","",""
"js\dashboard\dashboard-custodia.js","1103","selectClienteResult","Persistencia y consultas de datos","","","","","",""
"js\dashboard\dashboard-custodia.js","1135","clearClienteSelection","Persistencia y consultas de datos","","","","","",""
"js\dashboard\dashboard-custodia.js","1154","updateClienteFeedback","Utilidad y control de flujo","","","","","",""
"js\dashboard\dashboard-custodia.js","1158","setClienteModalFeedback","Utilidad y control de flujo","","","","","",""
"js\dashboard\dashboard-custodia.js","1164","toggleClienteModalLoading","Utilidad y control de flujo","","","","","",""
"js\dashboard\dashboard-custodia.js","1169","hideClienteDuplicate","Utilidad y control de flujo","","","","","",""
"js\dashboard\dashboard-custodia.js","1176","showClienteDuplicate","Utilidad y control de flujo","","","","","",""
"js\dashboard\dashboard-custodia.js","1196","resetClienteModalState","Utilidad y control de flujo","","","","","",""
"js\dashboard\dashboard-custodia.js","1202","openClienteModal","UI y experiencia de usuario","Timers","","","","",""
"js\dashboard\dashboard-custodia.js","1213","closeClienteModal","UI y experiencia de usuario","","","","","",""
"js\dashboard\dashboard-custodia.js","1220","handleClienteSave","UI y experiencia de usuario","Supabase Client; Supabase Query Builder","","","from:cliente","insert; select; single",""
"js\dashboard\dashboard-custodia.js","1261","isDuplicateClienteError","Utilidad y control de flujo","","","","","",""
"js\dashboard\dashboard-custodia.js","1275","handleClienteDuplicado","Persistencia y consultas de datos","Supabase Client; Supabase Query Builder","","","from:cliente","eq; maybeSingle; select",""
"js\dashboard\dashboard-custodia.js","1303","handleClienteDuplicateSelect","Utilidad y control de flujo","","","","","",""
"js\dashboard\dashboard-custodia.js","1319","handleClienteDuplicateDismiss","Utilidad y control de flujo","Timers","","","","",""
"js\dashboard\dashboard-custodia.js","1329","setupClienteLiveValidation","Persistencia y consultas de datos","Supabase Client; Supabase Query Builder; Timers","input; focus","","from:cliente","eq; maybeSingle; select",""
"js\dashboard\dashboard-custodia.js","1377","fetchAutocomplete","Persistencia y consultas de datos","Fetch API","","","","","<variable-url>"
"js\dashboard\dashboard-custodia.js","1414","debounce","Utilidad y control de flujo","Timers","","","","",""
"js\dashboard\dashboard-custodia.js","1422","attachPlaceholderWatcher","Utilidad y control de flujo","","input; change","","","",""
"js\guard.js","30","pathForRole","Autenticacion y sesion","","","","","",""
"js\guard.js","38","goLogin","Utilidad y control de flujo","sessionStorage","","","","",""
"js\guard.js","45","hasRole","Utilidad y control de flujo","sessionStorage","","","","",""
"js\guard.js","56","checkGuard","Autenticacion y sesion","sessionStorage","DOMContentLoaded","","","",""
"js\lib\app-header.js","75","setupNavigation","Autenticacion y sesion","sessionStorage","","","","",""
"js\lib\app-header.js","108","resolveNavKey","Utilidad y control de flujo","","","","","",""
"js\lib\camera.js","18","ensureModal","UI y experiencia de usuario","","click","","","",""
"js\lib\camera.js","60","injectStyles","UI y experiencia de usuario","","","","","",""
"js\lib\camera.js","178","startStream","Utilidad y control de flujo","navigator.mediaDevices","","","","",""
"js\lib\camera.js","202","stopStream","Utilidad y control de flujo","","","","","",""
"js\lib\camera.js","218","handleCaptureClick","Utilidad y control de flujo","","","","","",""
"js\lib\camera.js","244","blobToDataUrl","Utilidad y control de flujo","","","","","",""
"js\lib\camera.js","253","resolveCapture","Utilidad y control de flujo","","","","","",""
"js\lib\camera.js","259","rejectCapture","Utilidad y control de flujo","","","","","",""
"js\lib\camera.js","269","cleanupPending","Utilidad y control de flujo","","","","","",""
"js\lib\camera.js","275","closeModal","UI y experiencia de usuario","","","","","",""
"js\lib\camera.js","280","openModal","UI y experiencia de usuario","","","","","",""
"js\lib\camera.js","284","capture","UI y experiencia de usuario","navigator.mediaDevices","","","","",""
"js\lib\custodia-session.js","5","safeParse","Utilidad y control de flujo","","","","","",""
"js\lib\custodia-session.js","14","load","Persistencia y consultas de datos","localStorage","","","","",""
"js\lib\custodia-session.js","28","save","Persistencia y consultas de datos","localStorage","","","","",""
"js\lib\custodia-session.js","39","touch","Persistencia y consultas de datos","localStorage","","","","",""
"js\lib\custodia-session.js","50","clear","Utilidad y control de flujo","localStorage","","","","",""
"js\lib\custodia-session.js","56","isNombreValido","Mapa, ruta y tracking","","","","","",""
"js\lib\permissions.js","5","ensurePermission","Persistencia y consultas de datos","","","","","",""
"js\lib\permissions.js","15","ensureNotificationPermission","Utilidad y control de flujo","Notification API","","","","",""
"js\lib\permissions.js","35","ensureCameraPermission","Utilidad y control de flujo","navigator.mediaDevices","","","","",""
"js\lib\permissions.js","47","ensureMicPermission","Utilidad y control de flujo","navigator.mediaDevices","","","","",""
"js\lib\permissions.js","59","ensureGeoPermission","Utilidad y control de flujo","navigator.geolocation; Notification API","","","","",""
"js\lib\router-local.js","27","resolveInitialBase","Utilidad y control de flujo","localStorage; routerLocal OSRM","","","","",""
"js\lib\router-local.js","48","rememberOSRMBase","Utilidad y control de flujo","localStorage; routerLocal OSRM","","","","",""
"js\lib\router-local.js","55","shouldSkipLocal","Utilidad y control de flujo","routerLocal OSRM; sessionStorage","","","","",""
"js\lib\router-local.js","63","markLocalDown","Utilidad y control de flujo","routerLocal OSRM; sessionStorage","","","","",""
"js\lib\router-local.js","73","markLocalHealthy","Utilidad y control de flujo","routerLocal OSRM; sessionStorage","","","","",""
"js\lib\router-local.js","80","buildNoRoute","Utilidad y control de flujo","","","","","",""
"js\lib\router-local.js","90","normalizeOSRMLatLngs","Mapa, ruta y tracking","routerLocal OSRM","","","","",""
"js\lib\router-local.js","102","normalizeGraphHopper","Mapa, ruta y tracking","routerLocal OSRM","","","","",""
"js\lib\router-local.js","114","fetchWithTimeout","Persistencia y consultas de datos","Fetch API; Timers","","","","","<variable-url>"
"js\lib\router-local.js","127","routeOSRM","Mapa, ruta y tracking","routerLocal OSRM","","","","",""
"js\lib\router-local.js","166","routeGraphHopper","Mapa, ruta y tracking","routerLocal OSRM","","","","",""
"js\lib\router-local.js","183","route","Mapa, ruta y tracking","routerLocal OSRM","","","","",""
"js\lib\router-local.js","190","setProvider","Mapa, ruta y tracking","routerLocal OSRM","","","","",""
"js\lib\router-local.js","193","setOSRMBase","Utilidad y control de flujo","routerLocal OSRM","","","","",""
"js\lib\router-local.js","197","setGraphHopperBase","Mapa, ruta y tracking","routerLocal OSRM","","","","",""
"js\lib\selfie-icon.js","8","attach","Utilidad y control de flujo","","click","","","",""
"js\lib\selfie-icon.js","82","detach","Persistencia y consultas de datos","","","","","delete",""
"js\lib\tracking-common.js","8","initLeafletMap","Mapa, ruta y tracking","Leaflet","","","","",""
"js\lib\tracking-common.js","19","buildIcons","Autenticacion y sesion","Leaflet","","","","",""
"js\lib\tracking-common.js","36","drawRouteWithPOIs","Mapa, ruta y tracking","Leaflet; routerLocal OSRM","","","","",""
"js\lib\tracking-common.js","77","routeLocal","Mapa, ruta y tracking","routerLocal OSRM","","","","",""
"js\lib\tracking-common.js","84","beep","Utilidad y control de flujo","Leaflet; Timers; Web Audio/Speech","","","","",""
"js\lib\tracking-store.js","6","createServicioStore","Utilidad y control de flujo","","","","","",""
"js\lib\tracking-store.js","11","fetchLast","Mapa, ruta y tracking","Supabase Query Builder","","","from:ubicacion","eq; maybeSingle; order; select",""
"js\lib\tracking-store.js","27","emit","Mapa, ruta y tracking","Supabase Query Builder; Timers","","","","delete",""
"js\login\login.js","12","ensureSupabase","Autenticacion y sesion","Supabase Client","","","","",""
"js\login\login.js","20","persistCustodiaProfile","Utilidad y control de flujo","localStorage","","","","",""
"js\login\login.js","30","goHome","Autenticacion y sesion","Supabase Query Builder; Timers","DOMContentLoaded; click; input; keydown","","","",""
"js\login\login.js","98","normalizePin","Utilidad y control de flujo","","","","","",""
"js\login\login.js","102","setPin","Utilidad y control de flujo","","","","","",""
"js\login\login.js","110","renderDots","Utilidad y control de flujo","","","","","",""
"js\login\login.js","116","appendDigit","Utilidad y control de flujo","","","","","",""
"js\login\login.js","121","removeDigit","Utilidad y control de flujo","","","","","",""
"js\login\login.js","126","clearPin","Utilidad y control de flujo","","","","","",""
"js\login\login.js","130","scheduleCheck","Utilidad y control de flujo","Timers","","","","",""
"js\login\login.js","140","runValidation","Autenticacion y sesion","","","","","",""
"js\login\login.js","149","setChecking","Utilidad y control de flujo","","","","","",""
"js\login\login.js","154","isCurrent","Utilidad y control de flujo","","","","","",""
"js\login\login.js","158","shakeDots","Utilidad y control de flujo","Timers","","","","",""
"js\login\login.js","164","markError","Utilidad y control de flujo","","","","","",""
"js\login\login.js","168","clearError","Utilidad y control de flujo","","","","","",""
"js\login\login.js","172","validatePin","Autenticacion y sesion","","","","","",""
"js\login\login.js","189","validateCustodia","Autenticacion y sesion","Supabase Client; Supabase Query Builder","","","from:custodia_login","eq; select",""
"js\login\login.js","216","finalizeCustodiaLoginById","Autenticacion y sesion","localStorage; sessionStorage; Supabase Client; Supabase Query Builder","","","from:custodia","eq; maybeSingle; select",""
"js\login\login.js","259","validateUsuario","Autenticacion y sesion","sessionStorage; Supabase Client; Supabase Query Builder","","","from:usuario","eq; in; order; select",""
"js\login\login.js","309","shakeAndClear","Utilidad y control de flujo","Timers","","","","",""
"js\mapa.js","140","registrarUbicacionSeguro","Alarmas y check-in","Leaflet; Notification API; routerLocal OSRM; sessionStorage; Supabase Client; Supabase Query Builder; window.Alarma","click; keydown","","rpc:registrar_ubicacion","",""
"js\mapa.js","331","distanciaM","Utilidad y control de flujo","","","","","",""
"js\mapa.js","345","verifyMapOwner","Persistencia y consultas de datos","Supabase Client; Supabase Query Builder","","","from:servicio_custodio","eq; maybeSingle; select",""
"js\mapa.js","356","ensureGeoPermission","Mapa, ruta y tracking","","","","","",""
"js\mapa.js","373","refreshCustodiosList","Persistencia y consultas de datos","Supabase Client; Supabase Query Builder","","","from:servicio_custodio","eq; order; select",""
"js\mapa.js","405","renderCustodiosList","Utilidad y control de flujo","","","","","",""
"js\mapa.js","452","openCustodiosSidebar","UI y experiencia de usuario","","","","","",""
"js\mapa.js","463","closeCustodiosSidebar","UI y experiencia de usuario","","click","","","",""
"js\mapa.js","480","formatRelativeTime","Utilidad y control de flujo","","","","","",""
"js\mapa.js","492","cargarServicio","Persistencia y consultas de datos","Supabase Client; Supabase Query Builder","","","from:servicio","eq; select; single",""
"js\mapa.js","542","initMap","Mapa, ruta y tracking","Leaflet; Timers","","","","",""
"js\mapa.js","584","setupPanicButton","Alarmas y check-in","window.Alarma","click","","","",""
"js\mapa.js","639","iniciarTracking","Mapa, ruta y tracking","navigator.geolocation; Timers","","","","",""
"js\mapa.js","688","onInterval","Mapa, ruta y tracking","navigator.geolocation","beforeunload","","","",""
"js\mapa.js","719","subscribeServicio","Persistencia y consultas de datos","Supabase Client; Supabase Query Builder","","","","",""
"js\mapa.js","741","cleanupServicioChannel","Utilidad y control de flujo","Supabase Client","realtime:down","","","",""
"js\mapa.js","751","cleanupChannels","Mapa, ruta y tracking","","","","","",""
"js\mapa.js","760","clearRouteLayer","Mapa, ruta y tracking","","","","","",""
"js\mapa.js","779","notifyRouteDown","Mapa, ruta y tracking","routerLocal OSRM","","","","",""
"js\mapa.js","785","buildRouteHash","Utilidad y control de flujo","","","","","",""
"js\mapa.js","792","ensureRoute","Mapa, ruta y tracking","Fetch API; routerLocal OSRM; Timers","","","","","<variable-url>"
"js\mapa.js","858","applyRouteGeometry","Alarmas y check-in","Leaflet","","","","",""
"js\mapa.js","886","whenCheckinApiReady","Alarmas y check-in","Timers; window.Alarma","","","","",""
"js\mapa.js","898","initCheckinMonitoring","Autenticacion y sesion","window.Alarma","","","","",""
"js\mapa.js","912","handleCheckinEvent","Alarmas y check-in","","","","","",""
"js\mapa.js","961","matchesTargetCustodia","Utilidad y control de flujo","","","","","",""
"js\mapa.js","986","handleAdminPanic","Alarmas y check-in","window.Alarma","","","","",""
"js\mapa.js","994","startAlarmFallback","Utilidad y control de flujo","Supabase Client; Timers","","","","",""
"js\mapa.js","1008","stopAlarmFallback","Utilidad y control de flujo","","","","","",""
"js\mapa.js","1016","pollAlarmEvents","Alarmas y check-in","Supabase Client; Supabase Query Builder","","","rpc:get_panic_alarm_events_from_jwt","delete",""
"js\mapa.js","1059","scheduleLocalCheckin","Autenticacion y sesion","Timers; window.Alarma","","","","",""
"js\mapa.js","1080","computeCheckinDelay","Utilidad y control de flujo","","","","","",""
"js\mapa.js","1087","triggerLocalCheckin","Autenticacion y sesion","window.Alarma","","","","",""
"js\mapa.js","1111","buildLocalCheckinPayload","Alarmas y check-in","","","","","",""
"js\mapa.js","1129","clearLocalCheckinTimer","Autenticacion y sesion","","","","","",""
"js\mapa.js","1138","cleanupCheckinMonitoring","Autenticacion y sesion","window.Alarma","","","","",""
"js\mapa.js","1160","setupExtremeReportModal","Alarmas y check-in","Notification API","click; input; visibilitychange","","","",""
"js\mapa.js","1184","handleExtremeReportRecord","Alarmas y check-in","","","","","",""
"js\mapa.js","1207","openExtremeTextArea","Utilidad y control de flujo","","","","","",""
"js\mapa.js","1217","closeExtremeTextArea","Utilidad y control de flujo","","","","","",""
"js\mapa.js","1228","handleExtremeRemoteAck","UI y experiencia de usuario","","","","","",""
"js\mapa.js","1234","showExtremeReport","Alarmas y check-in","Notification API; window.Alarma","","","","",""
"js\mapa.js","1273","hideExtremeReportUI","UI y experiencia de usuario","","","","","",""
"js\mapa.js","1283","resumeExtremeReport","Alarmas y check-in","","","","","",""
"js\mapa.js","1296","resetExtremeReportFlow","Alarmas y check-in","","","","","",""
"js\mapa.js","1317","toggleExtremeButtons","Utilidad y control de flujo","","","","","",""
"js\mapa.js","1324","applyExtremeCopy","Alarmas y check-in","","","","","",""
"js\mapa.js","1353","startExtremeOutputs","Alarmas y check-in","window.Alarma","","","","",""
"js\mapa.js","1369","stopExtremeOutputs","Alarmas y check-in","Notification API; window.Alarma","","","","",""
"js\mapa.js","1381","startExtremeVibration","Utilidad y control de flujo","Timers","","","","",""
"js\mapa.js","1396","stopExtremeVibration","Alarmas y check-in","","","","","",""
"js\mapa.js","1407","requestExtremeWakeLock","Alarmas y check-in","","release","","","",""
"js\mapa.js","1425","releaseExtremeWakeLock","Alarmas y check-in","","","","","",""
"js\mapa.js","1438","triggerExtremeNotification","Alarmas y check-in","Notification API; window.Alarma","","","","",""
"js\mapa.js","1488","closeExtremeNotification","Autenticacion y sesion","Notification API","","","","",""
"js\mapa.js","1498","handleExtremeAudioAction","Alarmas y check-in","window.Alarma","","","","",""
"js\mapa.js","1522","handleExtremeSafeAction","Utilidad y control de flujo","","","","","",""
"js\mapa.js","1531","handleExtremeTextSubmit","Alarmas y check-in","","","","","",""
"js\mapa.js","1558","sendExtremeAck","Alarmas y check-in","window.Alarma","","","","",""
"js\mapa.js","1581","buildExtremeRecordSource","Alarmas y check-in","","","","","",""
"js\mapa.js","1611","handleRutaDesvioRecord","Utilidad y control de flujo","","","","","",""
"js\mapa.js","1638","openRutaAlert","Alarmas y check-in","","","","","",""
"js\mapa.js","1645","closeRutaAlert","Alarmas y check-in","","","","","",""
"js\mapa.js","1656","isRutaAlertOpen","Utilidad y control de flujo","","","","","",""
"js\mapa.js","1660","updateRutaAlertContent","Mapa, ruta y tracking","","","","","",""
"js\mapa.js","1688","handleRutaAlertView","Mapa, ruta y tracking","Supabase Client","","","","",""
"js\mapa.js","1713","fetchRutaAsignada","Mapa, ruta y tracking","Supabase Client; Supabase Query Builder","","","from:ruta_cliente","eq; maybeSingle; order; select",""
"js\mapa.js","1748","drawRutaClienteLayer","Mapa, ruta y tracking","Leaflet","","","","",""
"js\mapa.js","1765","clearRutaClienteLayer","Mapa, ruta y tracking","","","","","",""
"js\mapa.js","1777","normalizeRutaFeature","Mapa, ruta y tracking","","","","","",""
"js\mapa.js","1798","handleServicioUpdate","Mapa, ruta y tracking","","","","","",""
"js\mapa.js","1830","showFinishModal","Persistencia y consultas de datos","Supabase Client; Supabase Query Builder","click","","from:servicio_custodio","eq; maybeSingle; select",""
"js\mapa.js","1881","onPos","Alarmas y check-in","Leaflet; Supabase Client; Supabase Query Builder; Timers; window.Alarma","click; beforeunload","","from:servicio","eq; update",""
"js\mapa.js","2027","showFollowControl","Mapa, ruta y tracking","","click","","","",""
"js\pwa.js","75","showInstallButton","Utilidad y control de flujo","","click","","","",""
"js\pwa.js","98","hideInstallButton","Persistencia y consultas de datos","Service Worker API","beforeinstallprompt; appinstalled","","","update",""
"js\registro-custodia.js","33","init","Utilidad y control de flujo","","","","","",""
"js\registro-custodia.js","47","initLoader","Utilidad y control de flujo","","","","","",""
"js\registro-custodia.js","69","injectLoaderStyles","UI y experiencia de usuario","","","","","",""
"js\registro-custodia.js","106","setLoaderVisible","Utilidad y control de flujo","","","","","",""
"js\registro-custodia.js","115","bindEmpresaSelect","Utilidad y control de flujo","","change","","","",""
"js\registro-custodia.js","138","setupSelfieIcon","Utilidad y control de flujo","","","","","",""
"js\registro-custodia.js","165","setupRealtimeValidation","Utilidad y control de flujo","","input; change","","","",""
"js\registro-custodia.js","186","validateSingleField","Utilidad y control de flujo","","","","","",""
"js\registro-custodia.js","213","getFormSnapshot","Utilidad y control de flujo","","","","","",""
"js\registro-custodia.js","233","buildValidationRules","Utilidad y control de flujo","","","","","",""
"js\registro-custodia.js","269","bindFormSubmit","Persistencia y consultas de datos","Supabase Client","submit","","","",""
"js\registro-custodia.js","309","bindSuccessButton","Autenticacion y sesion","","click","","","",""
"js\registro-custodia.js","317","collectFormData","Utilidad y control de flujo","","","","","",""
"js\registro-custodia.js","349","insertCustodia","Persistencia y consultas de datos","Supabase Client; Supabase Query Builder","","","from:custodia","insert; select; single",""
"js\registro-custodia.js","375","insertCustodiaLogin","Persistencia y consultas de datos","Supabase Client; Supabase Query Builder","","","from:custodia_login","insert",""
"js\registro-custodia.js","400","blobToHex","Utilidad y control de flujo","","","","","",""
"js\registro-custodia.js","410","markInvalid","Utilidad y control de flujo","","","","","",""
"js\registro-custodia.js","417","clearInvalid","Utilidad y control de flujo","","","","","",""
"js\registro-custodia.js","424","markValid","Utilidad y control de flujo","","","","","",""
"js\registro-custodia.js","431","setSelfieState","Utilidad y control de flujo","","","","","",""
"js\registro-custodia.js","454","setButtonLoading","Utilidad y control de flujo","","","","","",""
"js\registro-custodia.js","460","showMsg","Utilidad y control de flujo","","","","","",""
"js\registro-custodia.js","472","showSuccess","Autenticacion y sesion","","","","","",""
"modules\alarma\alarma.js","101","isMobileDevice","Utilidad y control de flujo","","","","","",""
"modules\alarma\alarma.js","107","buildClientNotificationPayloadV2","Alarmas y check-in","Notification API","visibilitychange","","","",""
"modules\alarma\alarma.js","186","log","Alarmas y check-in","","","","","",""
"modules\alarma\alarma.js","192","warn","Alarmas y check-in","","","","","",""
"modules\alarma\alarma.js","197","error","Alarmas y check-in","","","","","",""
"modules\alarma\alarma.js","203","tryVibrate","Utilidad y control de flujo","","","","","",""
"modules\alarma\alarma.js","219","clip","Utilidad y control de flujo","","","","","",""
"modules\alarma\alarma.js","226","startKey","Utilidad y control de flujo","","","","","",""
"modules\alarma\alarma.js","230","panicKey","Alarmas y check-in","","","","","",""
"modules\alarma\alarma.js","263","normalizeEventType","Utilidad y control de flujo","","","","","",""
"modules\alarma\alarma.js","269","normalizeServicioTipo","Utilidad y control de flujo","","","","","",""
"modules\alarma\alarma.js","278","normalizeEmpresa","Utilidad y control de flujo","","","","","",""
"modules\alarma\alarma.js","283","normalizeUUID","Utilidad y control de flujo","","","","","",""
"modules\alarma\alarma.js","289","sanitizePayload","Utilidad y control de flujo","","","","","",""
"modules\alarma\alarma.js","331","validateRequired","Utilidad y control de flujo","","","","","",""
"modules\alarma\alarma.js","342","buildMetadataFromSanitized","Utilidad y control de flujo","","","","","",""
"modules\alarma\alarma.js","354","createEventRecord","Utilidad y control de flujo","","","","","",""
"modules\alarma\alarma.js","372","normalizeRecord","Alarmas y check-in","","","","","",""
"modules\alarma\alarma.js","401","expandEventRecord","Utilidad y control de flujo","","","","","",""
"modules\alarma\alarma.js","417","buildDbInsertPayload","Alarmas y check-in","","","","","",""
"modules\alarma\alarma.js","452","coerceDbServicioTipo","Utilidad y control de flujo","","","","","",""
"modules\alarma\alarma.js","477","normalizeDbServicioTipoCandidate","Utilidad y control de flujo","","","","","",""
"modules\alarma\alarma.js","489","ensureSupabase","Persistencia y consultas de datos","","","","","",""
"modules\alarma\alarma.js","494","loadQueue","Utilidad y control de flujo","localStorage","","","","",""
"modules\alarma\alarma.js","507","persistQueue","Utilidad y control de flujo","localStorage","","","","",""
"modules\alarma\alarma.js","515","queueOffline","Utilidad y control de flujo","","","","","",""
"modules\alarma\alarma.js","523","flushQueue","Alarmas y check-in","Supabase Query Builder","","","from:alarm_event","insert",""
"modules\alarma\alarma.js","567","notify","Utilidad y control de flujo","","","","","",""
"modules\alarma\alarma.js","577","loadFlags","Utilidad y control de flujo","localStorage","","","","",""
"modules\alarma\alarma.js","589","persistFlags","Persistencia y consultas de datos","localStorage; Supabase Query Builder","","","","",""
"modules\alarma\alarma.js","598","ensureSW","Utilidad y control de flujo","Service Worker API","message","","","",""
"modules\alarma\alarma.js","611","handleSWMessage","Alarmas y check-in","","","","","",""
"modules\alarma\alarma.js","629","initBase","Persistencia y consultas de datos","","online","","","",""
"modules\alarma\alarma.js","644","initCustodia","Utilidad y control de flujo","Notification API","","","","",""
"modules\alarma\alarma.js","656","initAdmin","Utilidad y control de flujo","","","","","",""
"modules\alarma\alarma.js","666","setupEscShortcuts","Utilidad y control de flujo","","keydown","","","",""
"modules\alarma\alarma.js","674","subscribe","Persistencia y consultas de datos","","","","","delete",""
"modules\alarma\alarma.js","680","emit","Alarmas y check-in","Supabase Query Builder","","","from:alarm_event","insert; select; single",""
"modules\alarma\alarma.js","787","handlePostEmit","Alarmas y check-in","","","","","",""
"modules\alarma\alarma.js","810","triggerPush","Persistencia y consultas de datos","Fetch API; Notification API","","","","","<variable-url>"
"modules\alarma\alarma.js","924","normalisePushType","Alarmas y check-in","","","","","",""
"modules\alarma\alarma.js","934","resolvePushAudience","Alarmas y check-in","","","","","",""
"modules\alarma\alarma.js","945","buildClientNotificationPayload","Alarmas y check-in","Notification API","","","","",""
"modules\alarma\alarma.js","995","setupRealtimeChannel","Persistencia y consultas de datos","Supabase Query Builder","","","","",""
"modules\alarma\alarma.js","1021","resolveIncomingType","Utilidad y control de flujo","","","","","",""
"modules\alarma\alarma.js","1030","handleIncomingEvent","Alarmas y check-in","","","","","",""
"modules\alarma\alarma.js","1072","highlightService","Alarmas y check-in","","","","","",""
"modules\alarma\alarma.js","1086","activatePanic","Alarmas y check-in","","","","","",""
"modules\alarma\alarma.js","1115","retryPanicAudioIfNeeded","Alarmas y check-in","","","","","",""
"modules\alarma\alarma.js","1129","ensureAudioCtx","Alarmas y check-in","Web Audio/Speech; window.Alarma","","","","",""
"modules\alarma\alarma.js","1144","attachAlertPrimer","Utilidad y control de flujo","","","","","",""
"modules\alarma\alarma.js","1179","autoRequestAlerts","Utilidad y control de flujo","","","","","",""
"modules\alarma\alarma.js","1183","enableAlerts","Alarmas y check-in","Web Audio/Speech; window.Alarma","","","","",""
"modules\alarma\alarma.js","1238","ensureAudioGesture","Utilidad y control de flujo","","","","","",""
"modules\alarma\alarma.js","1245","primeAdminPermissions","Alarmas y check-in","Notification API; Timers; Web Audio/Speech","","","","",""
"modules\alarma\alarma.js","1280","registerActiveNode","Utilidad y control de flujo","","","","","",""
"modules\alarma\alarma.js","1288","cleanupNodes","Persistencia y consultas de datos","","","","","delete",""
"modules\alarma\alarma.js","1302","flushActiveNodes","Utilidad y control de flujo","","","","","",""
"modules\alarma\alarma.js","1315","nextSismateToken","Utilidad y control de flujo","","","","","",""
"modules\alarma\alarma.js","1320","isSismateActive","Utilidad y control de flujo","","","","","",""
"modules\alarma\alarma.js","1328","playSismateTone","Utilidad y control de flujo","","","","","",""
"modules\alarma\alarma.js","1373","runSismateBlock","Utilidad y control de flujo","","","","","",""
"modules\alarma\alarma.js","1384","triggerSismateVibration","Utilidad y control de flujo","","","","","",""
"modules\alarma\alarma.js","1396","runSismateLoop","Utilidad y control de flujo","","","","","",""
"modules\alarma\alarma.js","1412","startSismateAlarm","Alarmas y check-in","Timers","","","","",""
"modules\alarma\alarma.js","1446","stopSismateAlarm","Alarmas y check-in","","","","","",""
"modules\alarma\alarma.js","1465","sendPanicAck","Alarmas y check-in","","","","","",""
"modules\alarma\alarma.js","1543","buildPanicPhrase","Alarmas y check-in","","","","","",""
"modules\alarma\alarma.js","1548","speakPanicInterval","Utilidad y control de flujo","","","","","",""
"modules\alarma\alarma.js","1557","cancelPanicSpeech","Utilidad y control de flujo","Web Audio/Speech","","","","",""
"modules\alarma\alarma.js","1563","speakSystemPhrase","Alarmas y check-in","Web Audio/Speech","","","","",""
"modules\alarma\alarma.js","1591","playFallbackBeep","Alarmas y check-in","","","","","",""
"modules\alarma\alarma.js","1612","silencePanicOutputs","Alarmas y check-in","","","","","",""
"modules\alarma\alarma.js","1619","sirenaOn","Utilidad y control de flujo","","","","","",""
"modules\alarma\alarma.js","1624","sirenaOff","Utilidad y control de flujo","","","","","",""
"modules\alarma\alarma.js","1628","tts","Alarmas y check-in","Web Audio/Speech","","","","",""
"modules\alarma\alarma.js","1653","ensureModal","Autenticacion y sesion","","click","","","",""
"modules\alarma\alarma.js","1700","closePanicModal","UI y experiencia de usuario","","","","","",""
"modules\alarma\alarma.js","1708","openPanicModal","Alarmas y check-in","","","","","",""
"modules\alarma\alarma.js","1740","formatPanicLocation","Utilidad y control de flujo","","","","","",""
"modules\alarma\alarma.js","1755","markPanicHandled","Utilidad y control de flujo","","","","","",""
"modules\alarma\alarma.js","1763","formatTime","Utilidad y control de flujo","","","","","",""
"modules\alarma\alarma.js","1777","startVoiceRecognition","Utilidad y control de flujo","","","","","",""
"modules\alarma\alarma.js","1779","stopVoiceRecognition","UI y experiencia de usuario","","","","","",""
"modules\alarma\alarma.js","1782","showToast","Autenticacion y sesion","Timers","","","","",""
"modules\alarma\alarma.js","1801","normalisePushRole","Utilidad y control de flujo","","","","","",""
"modules\alarma\alarma.js","1811","buildPushSubscriptionPayload","Autenticacion y sesion","","","","","",""
"modules\alarma\alarma.js","1846","registerPush","Autenticacion y sesion","localStorage; Notification API; Service Worker API; Supabase Query Builder","","","from:push_subscription","eq; select; single; upsert",""
"modules\alarma\alarma.js","1947","urlBase64ToUint8Array","Utilidad y control de flujo","","","","","",""
"modules\alarma\alarma.js","1960","setLocation","Utilidad y control de flujo","","","","","",""
"modules\alarma\alarma.js","1964","reverseGeocode","Persistencia y consultas de datos","Fetch API","","","","","<variable-url>"
"modules\alarma\alarma.js","1980","ensureCheckinOverlay","Alarmas y check-in","","","","","",""
"modules\alarma\alarma.js","1991","ensureCheckinFeedback","Autenticacion y sesion","","","","","",""
"modules\alarma\alarma.js","2009","hideCheckinFeedback","Alarmas y check-in","","","","","",""
"modules\alarma\alarma.js","2019","showCheckinFeedback","Alarmas y check-in","Timers","","","","",""
"modules\alarma\alarma.js","2031","loadCheckinAudioArrayBuffer","Alarmas y check-in","Fetch API","","","","","<variable-url>"
"modules\alarma\alarma.js","2049","ensureCheckinAudioBuffer","Alarmas y check-in","Web Audio/Speech","","","","",""
"modules\alarma\alarma.js","2061","preloadCheckinAudio","Alarmas y check-in","","","","","",""
"modules\alarma\alarma.js","2068","startCheckinSpeechFallback","Alarmas y check-in","Timers; Web Audio/Speech","","","","",""
"modules\alarma\alarma.js","2090","startCheckinAudioLoop","Alarmas y check-in","window.Alarma","","","","",""
"modules\alarma\alarma.js","2129","stopCheckinAudioLoop","Alarmas y check-in","Web Audio/Speech; window.Alarma","","","","",""
"modules\alarma\alarma.js","2160","setCheckinStatus","Alarmas y check-in","","","","","",""
"modules\alarma\alarma.js","2168","clearCheckinStatus","Utilidad y control de flujo","","","","","",""
"modules\alarma\alarma.js","2172","showCheckinThanks","Alarmas y check-in","","","","","",""
"modules\alarma\alarma.js","2191","resetCheckinPromptUI","Alarmas y check-in","","","","","",""
"modules\alarma\alarma.js","2221","closeCheckinPanel","Alarmas y check-in","","","","","",""
"modules\alarma\alarma.js","2244","updateCheckinSoundButton","Alarmas y check-in","","","","","",""
"modules\alarma\alarma.js","2251","toggleCheckinSoundHint","Alarmas y check-in","","","","","",""
"modules\alarma\alarma.js","2258","loadCustodiaSessionSnapshot","Persistencia y consultas de datos","","","","","",""
"modules\alarma\alarma.js","2266","populateCheckinPanel","Autenticacion y sesion","","","","","",""
"modules\alarma\alarma.js","2359","openCheckinPrompt","Alarmas y check-in","Notification API","","","","",""
"modules\alarma\alarma.js","2394","getServicioIdFromPayload","Utilidad y control de flujo","","","","","",""
"modules\alarma\alarma.js","2404","clearCheckinReminder","Alarmas y check-in","","","","","delete",""
"modules\alarma\alarma.js","2413","scheduleCheckinReminder","Alarmas y check-in","Timers","","","","delete",""
"modules\alarma\alarma.js","2444","ensureCheckinPanel","Autenticacion y sesion","","click; input","","","",""
"modules\alarma\alarma.js","2539","handleCheckinPrimaryAction","Alarmas y check-in","","","","","",""
"modules\alarma\alarma.js","2556","confirmCheckin","Alarmas y check-in","Notification API; Supabase Client; Supabase Query Builder; Timers","","","from:servicio","eq; update",""
"modules\alarma\alarma.js","2698","runQAProbes","Alarmas y check-in","","","","","",""
"netlify\functions\checkin-scheduler.js","38","fetchAttemptMap","Alarmas y check-in","Supabase Query Builder","","","from:alarm_event","eq; in; order; select",""
"netlify\functions\checkin-scheduler.js","58","hasRecentMissed","Alarmas y check-in","Supabase Query Builder","","","from:alarm_event","eq; maybeSingle; order; select",""
"netlify\functions\checkin-scheduler.js","79","recordCheckinEvent","Alarmas y check-in","Supabase Query Builder","","","from:alarm_event","insert",""
"netlify\functions\checkin-scheduler.js","98","recordMissedEvent","Alarmas y check-in","Supabase Query Builder","","","from:alarm_event","insert",""
"netlify\functions\checkin-scheduler.js","117","sendReminder","Alarmas y check-in","Fetch API","","","","","<variable-url>"
"netlify\functions\checkin-scheduler.js","169","runScheduler","Alarmas y check-in","Supabase Query Builder","","","from:servicio","eq; select",""
"netlify\functions\push-broadcast.js","40","normaliseAudience","Autenticacion y sesion","","","","","",""
"netlify\functions\push-broadcast.js","131","handler","Persistencia y consultas de datos","Supabase Query Builder","","","","",""
"netlify\functions\push-broadcast.js","289","buildAudiencesForType","Utilidad y control de flujo","","","","","",""
"netlify\functions\push-broadcast.js","307","dedupeAudiences","Utilidad y control de flujo","","","","","",""
"netlify\functions\push-broadcast.js","321","normalizeAudienceShape","Autenticacion y sesion","Supabase Query Builder","","","","",""
"netlify\functions\push-cron-checkin.js","25","handler","Autenticacion y sesion","Supabase Query Builder","","","from:alarm_event; from:servicio","eq; insert; order; select",""
"netlify\functions\push-cron-checkin.js","140","minutesDiff","Utilidad y control de flujo","","","","","",""
"netlify\functions\push-send.js","67","handler","Mapa, ruta y tracking","Notification API; Supabase Query Builder; web-push","","","from:push_subscription","in; update",""
"netlify\functions\push-send.js","203","buildSubscriptionQuery","Autenticacion y sesion","Supabase Query Builder","","","from:push_subscription","eq; in; select",""
"netlify\functions\push-send.js","255","buildPushPayload","Alarmas y check-in","","","","","",""
"netlify\functions\push-send.js","297","buildSendOptions","Utilidad y control de flujo","","","","","",""
"netlify\functions\push-send.js","306","defaultActions","Alarmas y check-in","","","","","",""
"netlify\functions\push-send.js","314","toPushSubscription","Autenticacion y sesion","","","","","",""
"netlify\functions\push-send.js","324","ensureObject","Utilidad y control de flujo","","","","","",""
"netlify\functions\ruta-ai-helper.js","32","handler","Mapa, ruta y tracking","Fetch API","","","","","<template-string>"
"netlify\functions\ruta-ai-helper.js","104","buildPrompt","Autenticacion y sesion","","","","","",""
"netlify\functions\ruta-ai-helper.js","147","extractText","Mapa, ruta y tracking","","","","","",""
"netlify\functions\ruta-ai-helper.js","159","parseRouteJSON","Mapa, ruta y tracking","","","","","",""
"netlify\functions\ruta-ai-helper.js","175","normalizePair","Utilidad y control de flujo","","","","","",""
"netlify\functions\ruta-ai-helper.js","183","ensureModel","Mapa, ruta y tracking","Fetch API","","","","","<template-string>"
"netlify\functions\ruta-desvio-handler.js","31","handler","Mapa, ruta y tracking","Supabase Query Builder","","","from:servicio","eq; order; select",""
"netlify\functions\ruta-desvio-handler.js","136","fetchActiveRoute","Mapa, ruta y tracking","Supabase Query Builder","","","from:ruta_cliente","eq; maybeSingle; order; select",""
"netlify\functions\ruta-desvio-handler.js","169","fetchRecentUbicaciones","Mapa, ruta y tracking","Supabase Query Builder","","","from:ubicacion","eq; order; select",""
"netlify\functions\ruta-desvio-handler.js","198","fetchLastDesvioEvent","Mapa, ruta y tracking","Supabase Query Builder","","","from:alarm_event","eq; maybeSingle; order; select",""
"netlify\functions\ruta-desvio-handler.js","216","insertDesvioEvent","Mapa, ruta y tracking","Supabase Query Builder","","","from:alarm_event","insert",""
"netlify\functions\ruta-desvio-handler.js","254","resolveDesvioEvent","Mapa, ruta y tracking","Supabase Query Builder","","","from:alarm_event","eq; maybeSingle; select; update",""
"netlify\functions\ruta-desvio-handler.js","283","analyseDeviation","Mapa, ruta y tracking","","","","","",""
"netlify\functions\ruta-desvio-handler.js","314","distancePointToRoute","Utilidad y control de flujo","","","","","",""
"netlify\functions\ruta-desvio-handler.js","338","distancePointToSegment","Utilidad y control de flujo","","","","","",""
"netlify\functions\ruta-desvio-handler.js","360","parseRouteCoords","Mapa, ruta y tracking","","","","","",""
"netlify\functions\ruta-desvio-handler.js","383","countConsecutive","Utilidad y control de flujo","","","","","",""
"netlify\functions\ruta-desvio-handler.js","392","ensureObject","Utilidad y control de flujo","","","","","",""
"netlify\functions\ruta-desvio-handler.js","399","round","Utilidad y control de flujo","","","","","",""
"netlify\functions\ruta-desvio-handler.js","404","toPositiveInt","Mapa, ruta y tracking","","","","","",""
"service-worker.js","255","trimCache","Alarmas y check-in","Notification API; Service Worker API","push; notificationclick; pushsubscriptionchange","","","delete",""
"service-worker.js","363","parsePushData","Alarmas y check-in","","","","","",""
"service-worker.js","390","broadcastAlarma","Alarmas y check-in","Service Worker API","","","","",""
